Time (s),"Tensile Strain, Extensometer Measurement, microstrain"
0,1
0.1,-1
0.2,57
0.3,95
0.4,130
0.5,162
0.6,200
0.7,235
0.8,270
0.9,311
1,348
1.1,383
1.2,414
1.3,449
1.4,486
1.5,522
1.6,563
1.7,592
1.8,628
1.9,664
2,694
2.1,730
2.2,761
2.3,797
2.4,828
2.5,865
2.6,897
2.7,927
2.8,959
2.9,994
3,1032
3.1,1064
3.2,1092
3.3,1128
3.4,1164
3.5,1192
3.6,1220
3.7,1255
3.8,1289
3.9,1321
4,1349
4.1,1381
4.2,1416
4.3,1445
4.4,1480
4.5,1514
4.6,1546
4.7,1579
4.8,1613
4.9,1644
5,1676
5.1,1702
5.2,1739
5.3,1773
5.4,1801
5.5,1835
5.6,1864
5.7,1898
5.8,1927
5.9,1956
6,1985
6.1,2016
6.2,2044
6.3,2063
6.4,2085
6.5,2111
6.6,2137
6.7,2165
6.8,2195
6.9,2225
7,2251
7.1,2282
7.2,2309
7.3,2336
7.4,2361
7.5,2389
7.6,2419
7.7,2449
7.8,2473
7.9,2500
8,2528
8.1,2558
8.2,2583
8.3,2610
8.4,2641
8.5,2669
8.6,2697
8.7,2727
8.8,2750
8.9,2779
9,2805
9.1,2837
9.2,2864
9.3,2892
9.4,2919
9.5,2949
9.6,2979
9.7,3002
9.8,3041
9.9,3076
10,3109
10.1,3138
10.2,3168
10.3,3198
10.4,3229
10.5,3260
10.6,3292
10.7,3326
10.8,3360
10.9,3393
11,3430
11.1,3464
11.2,3499
11.3,3537
11.4,3577
11.5,3621
11.6,3659
11.7,3698
11.8,3740
11.9,3783
12,3822
12.1,3864
12.2,3912
12.3,3957
12.4,4002
12.5,4050
12.6,4096
12.7,4147
12.8,4197
12.9,4249
13,4303
13.1,4354
13.2,4409
13.3,4461
13.4,4512
13.5,4569
13.6,4622
13.7,4685
13.8,4745
13.9,4801
14,4858
14.1,4915
14.2,4975
14.3,5034
14.4,5092
14.5,5155
14.6,5220
14.7,5284
14.8,5343
14.9,5401
15,5467
15.1,5528
15.2,5591
15.3,5656
15.4,5721
15.5,5790
15.6,5849
15.7,5912
15.8,5977
15.9,6042
16,6108
16.1,6179
16.2,6245
16.3,6311
16.4,6373
16.5,6441
16.6,6508
16.7,6573
16.8,6639
16.9,6710
17,6785
17.1,6849
17.2,6912
17.3,6981
17.4,7050
17.5,7119
17.6,7189
17.7,7259
17.8,7329
17.9,7396
18,7464
18.1,7533
18.2,7600
18.3,7667
18.4,7743
18.5,7819
18.6,7886
18.7,7952
18.8,8021
18.9,8093
19,8163
19.1,8234
19.2,8307
19.3,8382
19.4,8449
19.5,8516
19.6,8589
19.7,8660
19.8,8732
19.9,8805
20,8879
20.1,8951
20.2,9017
20.3,9087
20.4,9159
20.5,9234
20.6,9302
20.7,9378
20.8,9452
20.9,9523
21,9589
21.1,9660
21.2,9733
21.3,9809
21.4,9881
21.5,9954
21.6,10026
21.7,10100
21.8,10165
21.9,10237
22,10311
22.1,10386
22.2,10461
22.3,10533
22.4,10604
22.5,10674
22.6,10745
22.7,10818
22.8,10892
22.9,10963
23,11037
23.1,11113
23.2,11186
23.3,11255
23.4,11325
23.5,11400
23.6,11478
23.7,11551
23.8,11625
23.9,11693
24,11766
24.1,11838
24.2,11910
24.3,11985
24.4,12059
24.5,12133
24.6,12206
24.7,12278
24.8,12350
24.9,12422
25,12495
25.1,12570
25.2,12644
25.3,12716
25.4,12789
25.5,12863
25.6,12935
25.7,13008
25.8,13080
25.9,13155
26,13232
26.1,13303
26.2,13375
26.3,13449
26.4,13525
26.5,13595
26.6,13666
26.7,13741
26.8,13817
26.9,13889
27,13963
27.1,14036
27.2,14107
27.3,14181
27.4,14254
27.5,14329
27.6,14403
27.7,14474
27.8,14551
27.9,14622
28,14693
28.1,14763
28.2,14836
28.3,14914
28.4,14989
28.5,15058
28.6,15148
28.7,15225
28.8,15297
28.9,15369
29,15445
29.1,15520
29.2,15594
29.3,15667
29.4,15737
29.5,15810
29.6,15881
29.7,15955
29.8,16033
29.9,16110
30,16183
30.1,16267
30.2,16340
30.3,16414
30.4,16483
30.5,16560
30.6,16640
30.7,16715
30.8,16787
30.9,16867
31,16939
31.1,17012
31.2,17086
31.3,17163
31.4,17246
31.5,17321
31.6,17398
31.7,17482
31.8,17556
31.9,17629
32,17704
32.1,17781
32.2,17866
32.3,17936
32.4,18007
32.5,18083
32.6,18158
32.7,18228
32.8,18301
32.9,18376
33,18451
33.1,18521
33.2,18593
33.3,18667
33.4,18738
33.5,18812
33.6,18885
33.7,18957
33.8,19028
33.9,19100
34,19176
34.1,19249
34.2,19321
34.3,19393
34.4,19468
34.5,19546
34.6,19614
34.7,19682
34.8,19757
34.9,19832
35,19900
35.1,19972
35.2,20044
35.3,20121
35.4,20192
35.5,20263
35.6,20336
35.7,20405
35.8,20478
35.9,20552
36,20623
36.1,20696
36.2,20768
36.3,20842
36.4,20910
36.5,20978
36.6,21051
36.7,21124
36.8,21199
36.9,21271
37,21339
37.1,21412
37.2,21485
37.3,21557
37.4,21625
37.5,21700
37.6,21775
37.7,21846
37.8,21916
37.9,21983
38,22053
38.1,22128
38.2,22198
38.3,22272
38.4,22347
38.5,22413
38.6,22481
38.7,22553
38.8,22628
38.9,22700
39,22787
39.1,22862
39.2,22932
39.3,22998
39.4,23066
39.5,23141
39.6,23214
39.7,23286
39.8,23359
39.9,23434
40,23505
40.1,23575
40.2,23641
40.3,23719
40.4,23786
40.5,23859
40.6,23932
40.7,24004
40.8,24071
40.9,24141
41,24211
41.1,24285
41.2,24357
41.3,24431
41.4,24504
41.5,24579
41.6,24644
41.7,24710
41.8,24782
41.9,24858
42,24930
42.1,24998
42.2,25069
42.3,25139
42.4,25211
42.5,25275
42.6,25351
42.7,25427
42.8,25497
42.9,25568
43,25637
43.1,25706
43.2,25773
43.3,25846
43.4,25920
43.5,25992
43.6,26064
43.7,26131
43.8,26202
43.9,26273
44,26340
44.1,26412
44.2,26486
44.3,26559
44.4,26628
44.5,26700
44.6,26769
44.7,26839
44.8,26909
44.9,26989
45,27073
45.1,27146
45.2,27216
45.3,27285
45.4,27356
45.5,27424
45.6,27497
45.7,27570
45.8,27640
45.9,27708
46,27778
46.1,27849
46.2,27918
46.3,27986
46.4,28058
46.5,28128
46.6,28202
46.7,28272
46.8,28339
46.9,28409
47,28481
47.1,28552
47.2,28621
47.3,28692
47.4,28763
47.5,28834
47.6,28902
47.7,28971
47.8,29041
47.9,29114
48,29184
48.1,29255
48.2,29328
48.3,29396
48.4,29464
48.5,29538
48.6,29609
48.7,29671
48.8,29744
48.9,29818
49,29890
49.1,29956
49.2,30022
49.3,30098
49.4,30169
49.5,30235
49.6,30308
49.7,30378
49.8,30448
49.9,30517
50,30590
50.1,30657
50.2,30729
50.3,30797
50.4,30872
50.5,30943
50.6,31010
50.7,31078
50.8,31149
50.9,31221
51,31292
51.1,31361
51.2,31434
51.3,31510
51.4,31578
51.5,31649
51.6,31724
51.7,31796
51.8,31867
51.9,31937
52,32014
52.1,32086
52.2,32158
52.3,32232
52.4,32304
52.5,32375
52.6,32445
52.7,32519
52.8,32596
52.9,32669
53,32738
53.1,32812
53.2,32886
53.3,32956
53.4,33025
53.5,33101
53.6,33175
53.7,33249
53.8,33316
53.9,33389
54,33463
54.1,33538
54.2,33605
54.3,33681
54.4,33754
54.5,33823
54.6,33893
54.7,33964
54.8,34036
54.9,34144
55,34235
55.1,34312
55.2,34383
55.3,34449
55.4,34519
55.5,34594
55.6,34667
55.7,34736
55.8,34808
55.9,34880
56,34953
56.1,35018
56.2,35087
56.3,35157
56.4,35231
56.5,35302
56.6,35373
56.7,35441
56.8,35512
56.9,35581
57,35653
57.1,35723
57.2,35793
57.3,35865
57.4,35935
57.5,36007
57.6,36073
57.7,36140
57.8,36211
57.9,36282
58,36354
58.1,36422
58.2,36493
58.3,36562
58.4,36632
58.5,36698
58.6,36769
58.7,36842
58.8,36908
58.9,36981
59,37061
59.1,37125
59.2,37194
59.3,37264
59.4,37335
59.5,37403
59.6,37472
59.7,37538
59.8,37611
59.9,37678
60,37745
60.1,37813
60.2,37887
60.3,37958
60.4,38026
60.5,38091
60.6,38161
60.7,38231
60.8,38296
60.9,38364
61,38438
61.1,38508
61.2,38575
61.3,38648
61.4,38715
61.5,38783
61.6,38855
61.7,38943
61.8,39044
61.9,39118
62,39186
62.1,39257
62.2,39326
62.3,39392
62.4,39461
62.5,39533
62.6,39606
62.7,39673
62.8,39742
62.9,39810
63,39881
63.1,39947
63.2,40017
63.3,40088
63.4,40161
63.5,40228
63.6,40298
63.7,40364
63.8,40431
63.9,40498
64,40569
64.1,40644
64.2,40712
64.3,40778
64.4,40847
64.5,40918
64.6,40984
64.7,41049
64.8,41121
64.9,41201
65,41273
65.1,41338
65.2,41408
65.3,41477
65.4,41544
65.5,41615
65.6,41684
65.7,41751
65.8,41822
65.9,41889
66,41961
66.1,42028
66.2,42094
66.3,42167
66.4,42236
66.5,42308
66.6,42376
66.7,42443
66.8,42512
66.9,42583
67,42649
67.1,42726
67.2,42830
67.3,42901
67.4,42967
67.5,43033
67.6,43103
67.7,43177
67.8,43243
67.9,43315
68,43384
68.1,43455
68.2,43526
68.3,43592
68.4,43662
68.5,43729
68.6,43803
68.7,43874
68.8,43945
68.9,44012
69,44079
69.1,44151
69.2,44221
69.3,44294
69.4,44360
69.5,44430
69.6,44503
69.7,44572
69.8,44651
69.9,44720
70,44791
70.1,44860
70.2,44930
70.3,45002
70.4,45073
70.5,45141
70.6,45210
70.7,45279
70.8,45349
70.9,45420
71,45491
71.1,45563
71.2,45632
71.3,45696
71.4,45767
71.5,45839
71.6,45910
71.7,45978
71.8,46049
71.9,46122
72,46191
72.1,46259
72.2,46329
72.3,46401
72.4,46473
72.5,46543
72.6,46616
72.7,46685
72.8,46753
72.9,46824
73,46915
73.1,46984
73.2,47056
73.3,47129
73.4,47198
73.5,47269
73.6,47335
73.7,47404
73.8,47476
73.9,47549
74,47619
74.1,47690
74.2,47757
74.3,47831
74.4,47900
74.5,47966
74.6,48037
74.7,48109
74.8,48178
74.9,48251
75,48322
75.1,48392
75.2,48460
75.3,48531
75.4,48602
75.5,48672
75.6,48747
75.7,48815
75.8,48890
75.9,48955
76,49021
76.1,49094
76.2,49169
76.3,49250
76.4,49325
76.5,49401
76.6,49471
76.7,49542
76.8,49609
76.9,49681
77,49755
77.1,49825
77.2,49896
77.3,49984
77.4,50050
77.5,50120
77.6,50190
77.7,50264
77.8,50336
77.9,50405
78,50475
78.1,50548
78.2,50619
78.3,50685
78.4,50756
78.5,50829
78.6,50901
78.7,50978
78.8,51050
78.9,51120
79,51193
79.1,51261
79.2,51333
79.3,51404
79.4,51475
79.5,51547
79.6,51615
79.7,51687
79.8,51755
79.9,51822
80,51895
80.1,51970
80.2,52039
80.3,52107
80.4,52194
80.5,52274
80.6,52343
80.7,52414
80.8,52488
80.9,52563
81,52630
81.1,52698
81.2,52770
81.3,52841
81.4,52910
81.5,52981
81.6,53053
81.7,53126
81.8,53197
81.9,53266
82,53336
82.1,53406
82.2,53475
82.3,53549
82.4,53620
82.5,53690
82.6,53760
82.7,53830
82.8,53900
82.9,53969
83,54038
83.1,54108
83.2,54185
83.3,54258
83.4,54328
83.5,54396
83.6,54464
83.7,54539
83.8,54606
83.9,54679
84,54747
84.1,54823
84.2,54887
84.3,54960
84.4,55028
84.5,55098
84.6,55168
84.7,55241
84.8,55316
84.9,55383
85,55449
85.1,55521
85.2,55595
85.3,55662
85.4,55731
85.5,55806
85.6,55879
85.7,55946
85.8,56011
85.9,56084
86,56153
86.1,56224
86.2,56294
86.3,56369
86.4,56437
86.5,56506
86.6,56576
86.7,56649
86.8,56715
86.9,56785
87,56858
87.1,56932
87.2,57001
87.3,57067
87.4,57137
87.5,57210
87.6,57282
87.7,57350
87.8,57424
87.9,57502
88,57599
88.1,57677
88.2,57746
88.3,57816
88.4,57891
88.5,57960
88.6,58032
88.7,58102
88.8,58171
88.9,58238
89,58310
89.1,58379
89.2,58453
89.3,58525
89.4,58597
89.5,58668
89.6,58735
89.7,58804
89.8,58877
89.9,58948
90,59018
90.1,59087
90.2,59158
90.3,59230
90.4,59298
90.5,59366
90.6,59441
90.7,59510
90.8,59585
90.9,59655
91,59727
91.1,59797
91.2,59869
91.3,59949
91.4,60028
91.5,60099
91.6,60171
91.7,60243
91.8,60318
91.9,60387
92,60456
92.1,60530
92.2,60608
92.3,60685
92.4,60756
92.5,60827
92.6,60898
92.7,60966
92.8,61034
92.9,61108
93,61178
93.1,61249
93.2,61323
93.3,61395
93.4,61463
93.5,61533
93.6,61604
93.7,61679
93.8,61750
93.9,61820
94,61893
94.1,61964
94.2,62035
94.3,62102
94.4,62193
94.5,62271
94.6,62345
94.7,62420
94.8,62491
94.9,62560
95,62631
95.1,62701
95.2,62772
95.3,62846
95.4,62916
95.5,62989
95.6,63061
95.7,63133
95.8,63200
95.9,63271
96,63344
96.1,63419
96.2,63488
96.3,63561
96.4,63631
96.5,63706
96.6,63771
96.7,63843
96.8,63917
96.9,63993
97,64059
97.1,64133
97.2,64202
97.3,64273
97.4,64343
97.5,64416
97.6,64488
97.7,64562
97.8,64633
97.9,64703
98,64774
98.1,64842
98.2,64912
98.3,64986
98.4,65060
98.5,65131
98.6,65198
98.7,65273
98.8,65346
98.9,65415
99,65484
99.1,65558
99.2,65631
99.3,65704
99.4,65774
99.5,65843
99.6,65915
99.7,65988
99.8,66058
99.9,66131
100,66204
100.1,66276
100.2,66345
100.3,66416
100.4,66488
100.5,66558
100.6,66633
100.7,66705
100.8,66778
100.9,66846
101,66918
101.1,66991
101.2,67062
101.3,67132
101.4,67206
101.5,67277
101.6,67353
101.7,67422
101.8,67491
101.9,67566
102,67638
102.1,67707
102.2,67780
102.3,67853
102.4,67924
102.5,67992
102.6,68065
102.7,68137
102.8,68208
102.9,68279
103,68356
103.1,68430
103.2,68498
103.3,68566
103.4,68640
103.5,68712
103.6,68785
103.7,68856
103.8,68930
103.9,69001
104,69074
104.1,69144
104.2,69219
104.3,69296
104.4,69371
104.5,69445
104.6,69520
104.7,69597
104.8,69669
104.9,69741
105,69816
105.1,69888
105.2,69959
105.3,70032
105.4,70104
105.5,70176
105.6,70243
105.7,70316
105.8,70389
105.9,70462
106,70533
106.1,70606
106.2,70680
106.3,70750
106.4,70820
106.5,70889
106.6,70963
106.7,71036
106.8,71106
106.9,71180
107,71254
107.1,71328
107.2,71405
107.3,71482
107.4,71554
107.5,71625
107.6,71699
107.7,71773
107.8,71847
107.9,71914
108,71985
108.1,72057
108.2,72133
108.3,72203
108.4,72273
108.5,72347
108.6,72419
108.7,72489
108.8,72559
108.9,72633
109,72707
109.1,72782
109.2,72853
109.3,72934
109.4,73022
109.5,73092
109.6,73164
109.7,73240
109.8,73312
109.9,73381
110,73457
110.1,73532
110.2,73602
110.3,73668
110.4,73757
110.5,73836
110.6,73912
110.7,73981
110.8,74056
110.9,74132
111,74205
111.1,74277
111.2,74350
111.3,74425
111.4,74497
111.5,74577
111.6,74653
111.7,74725
111.8,74797
111.9,74869
112,74943
112.1,75018
112.2,75089
112.3,75165
112.4,75238
112.5,75311
112.6,75381
112.7,75451
112.8,75528
112.9,75602
113,75674
113.1,75744
113.2,75816
113.3,75891
113.4,75962
113.5,76037
113.6,76109
113.7,76181
113.8,76256
113.9,76328
114,76401
114.1,76468
114.2,76543
114.3,76617
114.4,76694
114.5,76766
114.6,76837
114.7,76913
114.8,76983
114.9,77053
115,77124
115.1,77199
115.2,77273
115.3,77346
115.4,77417
115.5,77490
115.6,77563
115.7,77634
115.8,77707
115.9,77780
116,77856
116.1,77930
116.2,77999
116.3,78083
116.4,78161
116.5,78232
116.6,78307
116.7,78383
116.8,78456
116.9,78526
117,78599
117.1,78674
117.2,78744
117.3,78814
117.4,78890
117.5,78963
117.6,79038
117.7,79109
117.8,79178
117.9,79253
118,79326
118.1,79398
118.2,79471
118.3,79546
118.4,79619
118.5,79688
118.6,79764
118.7,79836
118.8,79907
118.9,79982
119,80059
119.1,80134
119.2,80200
119.3,80272
119.4,80349
119.5,80422
119.6,80494
119.7,80565
119.8,80642
119.9,80717
120,80790
120.1,80858
120.2,80932
120.3,81005
120.4,81078
120.5,81153
120.6,81228
120.7,81300
120.8,81370
120.9,81442
121,81521
121.1,81592
121.2,81666
121.3,81742
121.4,81818
121.5,81891
121.6,81959
121.7,82036
121.8,82111
121.9,82181
122,82254
122.1,82331
122.2,82404
122.3,82476
122.4,82544
122.5,82618
122.6,82692
122.7,82765
122.8,82839
122.9,82919
123,82987
123.1,83060
123.2,83133
123.3,83208
123.4,83279
123.5,83349
123.6,83427
123.7,83511
123.8,83589
123.9,83663
124,83738
124.1,83812
124.2,83888
124.3,83959
124.4,84036
124.5,84109
124.6,84185
124.7,84258
124.8,84327
124.9,84401
125,84475
125.1,84550
125.2,84626
125.3,84700
125.4,84768
125.5,84843
125.6,84919
125.7,85000
125.8,85075
125.9,85152
126,85229
126.1,85304
126.2,85375
126.3,85447
126.4,85521
126.5,85595
126.6,85673
126.7,85745
126.8,85823
126.9,85904
127,85979
127.1,86049
127.2,86125
127.3,86198
127.4,86276
127.5,86347
127.6,86422
127.7,86495
127.8,86568
127.9,86640
128,86715
128.1,86792
128.2,86864
128.3,86938
128.4,87014
128.5,87090
128.6,87158
128.7,87233
128.8,87311
128.9,87387
129,87460
129.1,87535
129.2,87610
129.3,87684
129.4,87758
129.5,87832
129.6,87910
129.7,87982
129.8,88059
129.9,88134
130,88208
130.1,88280
130.2,88356
130.3,88432
130.4,88510
130.5,88585
130.6,88655
130.7,88730
130.8,88807
130.9,88878
131,88949
131.1,89025
131.2,89104
131.3,89178
131.4,89249
131.5,89326
131.6,89399
131.7,89471
131.8,89546
131.9,89623
132,89699
132.1,89771
132.2,89844
132.3,89917
132.4,89991
132.5,90065
132.6,90140
132.7,90220
132.8,90291
132.9,90362
133,90440
133.1,90514
133.2,90586
133.3,90658
133.4,90734
133.5,90814
133.6,90889
133.7,90960
133.8,91034
133.9,91110
134,91181
134.1,91257
134.2,91330
134.3,91406
134.4,91483
134.5,91556
134.6,91634
134.7,91708
134.8,91779
134.9,91857
135,91934
135.1,92009
135.2,92081
135.3,92155
135.4,92230
135.5,92307
135.6,92379
135.7,92456
135.8,92533
135.9,92610
136,92685
136.1,92754
136.2,92828
136.3,92905
136.4,92982
136.5,93055
136.6,93133
136.7,93208
136.8,93282
136.9,93353
137,93428
137.1,93506
137.2,93580
137.3,93659
137.4,93760
137.5,93831
137.6,93902
137.7,93977
137.8,94056
137.9,94132
138,94203
138.1,94282
138.2,94360
138.3,94435
138.4,94507
138.5,94581
138.6,94659
138.7,94734
138.8,94810
138.9,94887
139,94962
139.1,95034
139.2,95109
139.3,95186
139.4,95259
139.5,95335
139.6,95413
139.7,95491
139.8,95567
139.9,95639
140,95711
140.1,95788
140.2,95869
140.3,95940
140.4,96016
140.5,96096
140.6,96174
140.7,96244
140.8,96324
140.9,96399
141,96475
141.1,96551
141.2,96628
141.3,96706
141.4,96779
141.5,96853
141.6,96930
141.7,97009
141.8,97084
141.9,97160
142,97236
142.1,97315
142.2,97384
142.3,97458
142.4,97536
142.5,97615
142.6,97692
142.7,97764
142.8,97842
142.9,97919
143,97992
143.1,98065
143.2,98140
143.3,98219
143.4,98295
143.5,98373
143.6,98451
143.7,98526
143.8,98597
143.9,98674
144,98756
144.1,98830
144.2,98905
144.3,98985
144.4,99061
144.5,99134
144.6,99208
144.7,99285
144.8,99365
144.9,99444
145,99519
145.1,99593
145.2,99672
145.3,99747
145.4,99821
145.5,99898
145.6,99975
145.7,100053
145.8,100130
145.9,100207
146,100283
146.1,100356
146.2,100436
146.3,100515
146.4,100590
146.5,100668
146.6,100742
146.7,100821
146.8,100929
146.9,101002
147,101082
147.1,101160
147.2,101239
147.3,101316
147.4,101389
147.5,101467
147.6,101545
147.7,101622
147.8,101698
147.9,101779
148,101853
148.1,101932
148.2,102009
148.3,102086
148.4,102161
148.5,102234
148.6,102315
148.7,102395
148.8,102471
148.9,102547
149,102627
149.1,102704
149.2,102777
149.3,102853
149.4,102932
149.5,103014
149.6,103092
149.7,103166
149.8,103241
149.9,103318
150,103398
150.1,103475
150.2,103553
150.3,103633
150.4,103710
150.5,103785
150.6,103861
150.7,103938
150.8,104013
150.9,104093
151,104211
151.1,104292
151.2,104369
151.3,104446
151.4,104526
151.5,104603
151.6,104677
151.7,104759
151.8,104843
151.9,104926
152,105002
152.1,105077
152.2,105156
152.3,105234
152.4,105313
152.5,105391
152.6,105471
152.7,105549
152.8,105623
152.9,105702
153,105783
153.1,105857
153.2,105939
153.3,106018
153.4,106101
153.5,106179
153.6,106250
153.7,106329
153.8,106410
153.9,106486
154,106564
154.1,106644
154.2,106725
154.3,106802
154.4,106875
154.5,106954
154.6,107033
154.7,107112
154.8,107193
154.9,107275
155,107355
155.1,107431
155.2,107505
155.3,107584
155.4,107661
155.5,107741
155.6,107821
155.7,107903
155.8,107980
155.9,108053
156,108131
156.1,108212
156.2,108292
156.3,108367
156.4,108450
156.5,108529
156.6,108609
156.7,108681
156.8,108761
156.9,108841
157,108919
157.1,109001
157.2,109080
157.3,109157
157.4,109233
157.5,109314
157.6,109392
157.7,109470
157.8,109549
157.9,109630
158,109711
158.1,109789
158.2,109866
158.3,109942
158.4,110022
158.5,110103
158.6,110192
158.7,110273
158.8,110356
158.9,110432
159,110510
159.1,110588
159.2,110668
159.3,110747
159.4,110832
159.5,110910
159.6,110991
159.7,111065
159.8,111144
159.9,111225
160,111305
160.1,111384
160.2,111461
160.3,111543
160.4,111625
160.5,111702
160.6,111776
160.7,111859
160.8,111940
160.9,112021
161,112097
161.1,112177
161.2,112258
161.3,112336
161.4,112413
161.5,112493
161.6,112575
161.7,112654
161.8,112736
161.9,112815
162,112890
162.1,112972
162.2,113050
162.3,113134
162.4,113224
162.5,113311
162.6,113392
162.7,113472
162.8,113552
162.9,113627
163,113707
163.1,113791
163.2,113871
163.3,113951
163.4,114031
163.5,114114
163.6,114193
163.7,114272
163.8,114353
163.9,114435
164,114516
164.1,114598
164.2,114678
164.3,114757
164.4,114833
164.5,114915
164.6,114997
164.7,115080
164.8,115159
164.9,115237
165,115321
165.1,115400
165.2,115476
165.3,115560
165.4,115643
165.5,115726
165.6,115807
165.7,115883
165.8,115964
165.9,116045
166,116125
166.1,116205
166.2,116288
166.3,116373
166.4,116450
166.5,116533
166.6,116616
166.7,116692
166.8,116780
166.9,116883
167,116965
167.1,117044
167.2,117125
167.3,117207
167.4,117289
167.5,117369
167.6,117449
167.7,117531
167.8,117614
167.9,117698
168,117778
168.1,117861
168.2,117944
168.3,118024
168.4,118103
168.5,118187
168.6,118272
168.7,118353
168.8,118436
168.9,118517
169,118599
169.1,118681
169.2,118763
169.3,118847
169.4,118933
169.5,119013
169.6,119091
169.7,119177
169.8,119258
169.9,119340
170,119421
170.1,119507
170.2,119590
170.3,119689
170.4,119766
170.5,119849
170.6,119935
170.7,120017
170.8,120100
170.9,120185
171,120267
171.1,120347
171.2,120430
171.3,120513
171.4,120595
171.5,120678
171.6,120763
171.7,120850
171.8,120931
171.9,121010
172,121095
172.1,121178
172.2,121263
172.3,121344
172.4,121428
172.5,121515
172.6,121596
172.7,121675
172.8,121761
172.9,121844
173,121929
173.1,122013
173.2,122099
173.3,122182
173.4,122265
173.5,122347
173.6,122435
173.7,122538
173.8,122623
173.9,122709
174,122795
174.1,122880
174.2,122956
174.3,123041
174.4,123133
174.5,123216
174.6,123297
174.7,123381
174.8,123471
174.9,123552
175,123636
175.1,123714
175.2,123802
175.3,123889
175.4,123972
175.5,124057
175.6,124143
175.7,124227
175.8,124310
175.9,124396
176,124480
176.1,124565
176.2,124652
176.3,124740
176.4,124826
176.5,124907
176.6,124990
176.7,125075
176.8,125164
176.9,125245
177,125331
177.1,125422
177.2,125506
177.3,125591
177.4,125673
177.5,125760
177.6,125853
177.7,125946
177.8,126030
177.9,126120
178,126203
178.1,126284
178.2,126373
178.3,126463
178.4,126547
178.5,126632
178.6,126723
178.7,126808
178.8,126893
178.9,126975
179,127064
179.1,127151
179.2,127239
179.3,127324
179.4,127411
179.5,127500
179.6,127584
179.7,127668
179.8,127756
179.9,127841
180,127928
180.1,128019
180.2,128104
180.3,128189
180.4,128275
180.5,128363
180.6,128451
180.7,128538
180.8,128627
180.9,128713
181,128804
181.1,128889
181.2,128974
181.3,129059
181.4,129150
181.5,129241
181.6,129328
181.7,129416
181.8,129532
181.9,129630
182,129721
182.1,129813
182.2,129903
182.3,129997
182.4,130089
182.5,130179
182.6,130265
182.7,130354
182.8,130441
182.9,130531
183,130622
183.1,130707
183.2,130799
183.3,130890
183.4,130976
183.5,131064
183.6,131155
183.7,131248
183.8,131342
183.9,131434
184,131517
184.1,131607
184.2,131697
184.3,131783
184.4,131873
184.5,131966
184.6,132056
184.7,132147
184.8,132237
184.9,132325
185,132416
185.1,132506
185.2,132597
185.3,132689
185.4,132781
185.5,132869
185.6,132961
185.7,133052
185.8,133144
185.9,133228
186,133320
186.1,133425
186.2,133522
186.3,133608
186.4,133696
186.5,133790
186.6,133881
186.7,133973
186.8,134064
186.9,134159
187,134250
187.1,134338
187.2,134428
187.3,134524
187.4,134611
187.5,134703
187.6,134799
187.7,134890
187.8,134982
187.9,135070
188,135166
188.1,135259
188.2,135346
188.3,135438
188.4,135537
188.5,135630
188.6,135720
188.7,135809
188.8,135901
188.9,135995
189,136089
189.1,136181
189.2,136277
189.3,136372
189.4,136460
189.5,136561
189.6,136656
189.7,136746
189.8,136842
189.9,136937
190,137033
190.1,137126
190.2,137217
190.3,137311
190.4,137406
190.5,137498
190.6,137593
190.7,137687
190.8,137786
190.9,137881
191,137971
191.1,138065
191.2,138160
191.3,138254
191.4,138353
191.5,138446
191.6,138540
191.7,138638
191.8,138731
191.9,138826
192,138920
192.1,139014
192.2,139113
192.3,139210
192.4,139305
192.5,139397
192.6,139491
192.7,139590
192.8,139687
192.9,139780
193,139875
193.1,139975
193.2,140071
193.3,140165
193.4,140259
193.5,140355
193.6,140454
193.7,140551
193.8,140655
193.9,140760
194,140853
194.1,140949
194.2,141046
194.3,141145
194.4,141244
194.5,141341
194.6,141443
194.7,141542
194.8,141637
194.9,141734
195,141831
195.1,141931
195.2,142031
195.3,142129
195.4,142228
195.5,142327
195.6,142425
195.7,142519
195.8,142618
195.9,142723
196,142825
196.1,142922
196.2,143025
196.3,143124
196.4,143221
196.5,143320
196.6,143422
196.7,143522
196.8,143622
196.9,143723
197,143827
197.1,143927
197.2,144021
197.3,144124
197.4,144229
197.5,144333
197.6,144434
197.7,144542
197.8,144655
197.9,144755
198,144862
198.1,144962
198.2,145068
198.3,145170
198.4,145275
198.5,145379
198.6,145482
198.7,145583
198.8,145684
198.9,145790
199,145895
199.1,145997
199.2,146101
199.3,146205
199.4,146308
199.5,146409
199.6,146512
199.7,146620
199.8,146729
199.9,146830
200,146936
200.1,147039
200.2,147146
200.3,147248
200.4,147354
200.5,147465
200.6,147572
200.7,147681
200.8,147788
200.9,147894
201,147996
201.1,148103
201.2,148217
201.3,148331
201.4,148438
201.5,148543
201.6,148651
201.7,148759
201.8,148865
201.9,148969
202,149079
202.1,149190
202.2,149303
202.3,149406
202.4,149515
202.5,149623
202.6,149731
202.7,149839
202.8,149951
202.9,150063
203,150171
203.1,150284
203.2,150392
203.3,150497
203.4,150607
203.5,150719
203.6,150836
203.7,150948
203.8,151070
203.9,151178
204,151293
204.1,151404
204.2,151511
204.3,151625
204.4,151741
204.5,151856
204.6,151965
204.7,152079
204.8,152189
204.9,152302
205,152414
205.1,152530
205.2,152646
205.3,152760
205.4,152873
205.5,152985
205.6,153099
205.7,153213
205.8,153327
205.9,153448
206,153562
206.1,153677
206.2,153790
206.3,153905
206.4,154020
206.5,154134
206.6,154254
206.7,154371
206.8,154490
206.9,154606
207,154720
207.1,154841
207.2,154965
207.3,155082
207.4,155203
207.5,155321
207.6,155441
207.7,155556
207.8,155672
207.9,155791
208,155908
208.1,156028
208.2,156149
208.3,156274
208.4,156390
208.5,156506
208.6,156625
208.7,156749
208.8,156867
208.9,156989
209,157106
209.1,157233
209.2,157354
209.3,157470
209.4,157589
209.5,157710
209.6,157835
209.7,157958
209.8,158082
209.9,158206
210,158327
210.1,158445
210.2,158568
210.3,158701
210.4,158832
210.5,158957
210.6,159086
210.7,159214
210.8,159334
210.9,159455
211,159581
211.1,159709
211.2,159833
211.3,159958
211.4,160085
211.5,160211
211.6,160331
211.7,160455
211.8,160580
211.9,160711
212,160835
212.1,160966
212.2,161099
212.3,161223
212.4,161346
212.5,161475
212.6,161602
212.7,161730
212.8,161860
212.9,161994
213,162122
213.1,162247
213.2,162369
213.3,162500
213.4,162634
213.5,162764
213.6,162892
213.7,163024
213.8,163153
213.9,163281
214,163421
214.1,163555
214.2,163689
214.3,163821
214.4,163955
214.5,164086
214.6,164216
214.7,164345
214.8,164474
214.9,164610
215,164739
215.1,164876
215.2,165009
215.3,165143
215.4,165274
215.5,165403
215.6,165535
215.7,165677
215.8,165818
215.9,165957
216,166091
216.1,166225
216.2,166357
216.3,166489
216.4,166624
216.5,166762
216.6,166900
216.7,167039
216.8,167180
216.9,167314
217,167447
217.1,167583
217.2,167726
217.3,167868
217.4,168009
217.5,168152
217.6,168287
217.7,168428
217.8,168563
217.9,168699
218,168844
218.1,168992
218.2,169135
218.3,169279
218.4,169416
218.5,169559
218.6,169705
218.7,169851
218.8,169999
218.9,170151
219,170296
219.1,170435
219.2,170578
219.3,170718
219.4,170864
219.5,171011
219.6,171170
219.7,171340
219.8,171483
219.9,171631
220,171777
220.1,171924
220.2,172070
220.3,172222
220.4,172378
220.5,172529
220.6,172675
220.7,172814
220.8,172960
220.9,173111
221,173264
221.1,173419
221.2,173573
221.3,173726
221.4,173873
221.5,174022
221.6,174175
221.7,174320
221.8,174476
221.9,174637
222,174792
222.1,174941
222.2,175085
222.3,175241
222.4,175396
222.5,175545
222.6,175705
222.7,175866
222.8,176023
222.9,176171
223,176321
223.1,176477
223.2,176633
223.3,176791
223.4,176954
223.5,177112
223.6,177272
223.7,177426
223.8,177584
223.9,177744
224,177904
224.1,178068
224.2,178236
224.3,178403
224.4,178559
224.5,178715
224.6,178880
224.7,179048
224.8,179209
224.9,179375
225,179549
225.1,179727
225.2,179889
225.3,180057
225.4,180228
225.5,180405
225.6,180586
225.7,180763
225.8,180944
225.9,181123
226,181296
226.1,181480
226.2,181673
226.3,181885
226.4,182087
226.5,182310
226.6,186215
226.602,186564
