Extensometer Strain (1e-6),Engineering Stress (MPa)
-2,0.00138
-2,0.0031
0,0.09859
7,0.15045
12,0.20787
14,0.25086
26,0.28116
31,0.31058
36,0.33737
42,0.35173
49,0.39645
54,0.4573
63,0.56536
68,0.6645
71,0.80065
81,1.0588
88,1.50168
96,2.04898
109,2.75696
121,3.44676
137,4.40769
147,5.14118
163,6.19158
180,7.04599
193,7.98992
217,9.17518
229,10.04388
246,11.25265
262,12.24213
278,13.2862
297,14.52485
312,15.45745
334,16.78682
350,17.76504
368,18.94221
387,20.14782
401,21.13207
419,22.44728
435,23.41473
454,24.60094
473,25.82242
488,26.83184
508,28.10829
523,29.18156
542,30.39116
558,31.52413
576,32.69449
594,33.92513
610,35.04227
629,36.30421
644,37.48454
663,38.62756
680,39.75415
696,40.94572
715,42.15613
730,43.26327
749,44.54397
764,45.59283
785,46.89761
801,48.00383
818,49.15319
840,50.55733
847,51.23407
868,52.56055
883,53.59769
899,54.70515
918,56.1198
932,56.99071
951,58.38623
965,59.34104
983,60.48107
1002,61.84275
1015,62.66732
1034,64.09481
1048,65.03233
1066,66.22255
1085,67.57681
1095,68.39462
1117,69.88324
1130,70.73996
1146,71.9114
1165,73.16911
1176,73.94489
1194,75.27289
1208,76.18499
1223,77.30117
1241,78.45656
1255,79.34863
1272,80.63223
1288,81.5978
1302,82.72562
1320,83.88976
1335,84.89862
1353,86.078
1367,87.11275
1382,88.13328
1400,89.14539
1413,90.19874
1427,91.16205
1443,92.2578
1456,93.19212
1465,93.81767
1477,94.61436
1487,95.35303
1506,96.5509
1520,97.52437
1535,98.50285
1553,99.76688
1563,100.51169
1582,101.77628
1594,102.61555
1607,103.55458
1625,104.79488
1635,105.41515
1653,106.64403
1664,107.42492
1677,108.29143
1693,109.47018
1703,110.04125
1718,111.27063
1727,111.92615
1741,112.76701
1757,113.89812
1764,114.39609
1784,115.57298
1792,116.26565
1804,117.15771
1819,118.22535
1831,118.84515
1846,120.01202
1859,120.72392
1870,121.59864
1886,122.65988
1898,123.39808
1913,124.48097
1926,125.3073
1936,126.1302
1950,127.086
1962,127.92026
1976,128.79388
1989,129.71729
1999,130.47452
2013,131.32867
2026,132.24702
2039,133.0038
2051,133.99037
2061,134.76073
2075,135.57646
2091,136.62468
2098,137.19705
2113,138.27837
2115,138.39583
2116,138.40744
2119,138.52614
2113,138.08638
2079,135.73659
2041,133.12291
2026,132.05605
2003,130.53934
1986,129.39139
1968,128.08722
1945,126.65343
1933,125.57471
1907,124.01656
1894,122.96079
1874,121.60128
1855,120.27742
1840,119.14873
1816,117.6589
1802,116.58637
1784,115.20037
1767,114.00568
1749,112.83405
1730,111.45072
1715,110.34383
1694,108.97083
1679,107.77971
1658,106.50665
1641,105.20863
1627,104.08231
1608,102.69012
1591,101.54221
1571,100.19247
1554,98.98215
1537,97.75024
1519,96.4891
1503,95.35298
1485,94.01533
1468,92.88052
1450,91.593
1434,90.32879
1415,89.16458
1396,87.78513
1380,86.72759
1360,85.3623
1344,84.17088
1327,82.96763
1307,81.59083
1294,80.59103
1275,79.18496
1260,78.13249
1241,76.87402
1222,75.56733
1210,74.53821
1188,73.07124
1173,72.07057
1156,70.76036
1138,69.49316
1124,68.47263
1103,66.96491
1091,66.01637
1070,64.5985
1054,63.41352
1037,62.35728
1017,60.91342
1004,59.99265
986,58.61044
970,57.46264
955,56.35567
933,54.91973
919,53.9752
901,52.59515
886,51.4635
870,50.29806
849,48.93683
836,47.90816
813,46.55317
799,45.44006
781,44.29734
764,43.03856
751,41.96382
732,40.69176
714,39.5377
701,38.36518
683,37.19179
666,35.96289
648,34.81775
635,33.62164
618,32.41145
603,31.30376
582,30.0015
569,28.97202
552,27.75308
534,26.59557
521,25.63391
500,24.2648
487,23.36362
470,22.16408
451,20.98496
437,20.02361
417,18.68612
404,17.87024
388,16.66314
368,15.43019
354,14.52215
334,13.21566
321,12.4934
303,11.26796
284,10.3071
272,9.38143
252,8.11043
240,7.37339
221,6.23043
207,5.27317
196,4.41131
187,3.93867
187,3.92722
180,3.49555
185,3.70429
213,5.75231
236,7.40742
252,8.41122
271,9.5723
286,10.59082
303,11.69928
324,12.90857
336,13.91758
356,15.1825
371,16.25181
387,17.38594
402,18.49224
417,19.51164
436,20.85312
452,21.83185
470,23.09047
487,24.18172
504,25.30868
523,26.59729
535,27.57714
555,28.97482
571,30.05977
587,31.18114
605,32.54915
621,33.5174
638,34.93077
655,35.94978
671,37.17952
689,38.43018
701,39.45466
722,40.83043
738,41.88467
754,43.15559
770,44.35601
786,45.48033
808,46.89485
821,47.92705
841,49.27755
856,50.44375
874,51.58405
890,52.93472
907,54.00319
926,55.31331
942,56.44488
959,57.70452
978,58.94021
992,60.08467
1013,61.39572
1027,62.50999
1047,63.83444
1065,65.03695
1080,66.25585
1101,67.55136
1115,68.66333
1134,70.01611
1150,71.09931
1167,72.38211
1184,73.53846
1200,74.74729
1221,76.04613
1234,77.12025
1253,78.48597
1270,79.57157
1289,80.85331
1307,82.19238
1321,83.21791
1343,84.70182
1357,85.71029
1376,87.01422
1396,88.27378
1408,89.29169
1432,90.83058
1444,91.72887
1464,93.10854
1482,94.33312
1495,95.36308
1517,96.88304
1533,97.8235
1553,99.2318
1568,100.46256
1584,101.5218
1606,103.10989
1620,103.96414
1642,105.38677
1657,106.5785
1672,107.64939
1694,109.09343
1706,110.02999
1725,111.44908
1742,112.5881
1758,113.68564
1777,115.07814
1795,116.17941
1813,117.52464
1831,118.73486
1850,119.88293
1868,121.17062
1885,122.37056
1902,123.58842
1921,124.80372
1937,125.98946
1953,127.13026
1972,128.42847
1989,129.5262
2007,130.79417
2023,132.01295
2039,133.05357
2060,134.51146
2072,135.42816
2092,136.70906
2108,137.88316
2120,138.82967
2143,140.30562
2152,141.02632
2170,142.26741
2184,143.24474
2195,143.98862
2214,145.26555
2222,145.74507
2236,146.77133
2250,147.68369
2260,148.27486
2274,149.35329
2280,149.68697
2293,150.67355
2303,151.36264
2311,151.90103
2329,153.01761
2335,153.38417
2348,154.45657
2358,155.08582
2369,155.70354
2384,156.72922
2391,157.25522
2404,158.22406
2418,159.0103
2425,159.67184
2440,160.6149
2451,161.28278
2465,162.14427
2477,162.91658
2486,163.66299
2499,164.46986
2510,165.31592
2519,166.00647
2531,166.81093
2544,167.5988
2550,168.24211
2567,169.18938
2575,169.85323
2589,170.70511
2600,171.54016
2611,172.12329
2624,173.22147
2633,173.67192
2644,174.58661
2657,175.39088
2664,175.93918
2682,177.0024
2686,177.41121
2700,178.34543
2711,179.14409
2718,179.62173
2735,180.72054
2742,181.18617
2757,182.10664
2768,182.94019
2774,183.38161
2791,184.51988
2799,184.90851
2814,185.81509
2825,186.63686
2832,187.08113
2846,188.12186
2853,188.61098
2866,189.46402
2878,190.21468
2885,190.76239
2898,191.71201
2909,192.35803
2923,193.09886
2932,193.89056
2942,194.49551
2957,195.30362
2967,196.01329
3031,196.70026
3059,197.46349
3072,198.09999
3084,198.76611
3095,199.57295
3097,200.12628
3117,200.85384
3124,201.66068
3130,202.15451
3146,203.08188
3155,203.58109
3165,204.3166
3179,205.05421
3185,205.44844
3201,206.42723
3205,206.7429
3217,207.424
3230,208.16022
3235,208.47736
3248,209.38948
3253,209.65842
3267,210.36656
3279,211.08763
3284,211.38934
3300,212.33885
3306,212.59183
3320,213.31163
3328,213.97055
3333,214.283
3354,215.29822
3359,215.51602
3370,216.24913
3382,216.88367
3392,217.237
3405,218.08778
3416,218.47394
3427,219.13873
3441,219.80058
3450,220.25278
3464,221.00549
3474,221.42455
3487,222.06274
3498,222.62775
3510,223.13234
3522,223.77766
3537,224.39151
3551,224.97493
3564,225.60547
3576,226.196
3589,226.72029
3606,227.47125
3620,227.97714
3633,228.63248
3648,229.28665
3661,229.66992
3682,230.52206
3692,230.89149
3707,231.53329
3726,232.17133
3735,232.44624
3755,233.29738
3766,233.54268
3783,234.18095
3801,234.7888
3812,235.05777
3831,235.91347
3845,236.14494
3863,236.80228
3882,237.42451
3895,237.64539
3917,238.52657
3930,238.7074
3951,239.37332
3968,239.93378
3983,240.13783
4006,240.91972
4019,241.14502
4040,241.72054
4059,242.22681
4075,242.52229
4095,243.20503
4113,243.47185
4134,244.02219
4154,244.46965
4171,244.76091
4195,245.32321
4213,245.72646
4234,246.1438
4255,246.51645
4273,246.87338
4296,247.25191
4317,247.72244
4340,248.00194
4361,248.40802
4383,248.85606
4404,249.08748
4428,249.66423
4451,249.88158
4471,250.21793
4499,250.7177
4518,250.79466
4547,251.46463
4568,251.48933
4590,251.85649
4617,252.36263
4635,252.35049
4665,252.98758
4686,253.03528
4708,253.4016
4736,253.86285
4755,253.84587
4790,254.49706
4815,254.48407
4840,254.82108
4869,255.26785
4891,255.21254
4923,255.82825
4946,255.78465
4971,256.13904
5002,256.45923
5022,256.46472
5053,256.9715
5076,257.03903
5102,257.32321
5132,257.65509
5158,257.69653
5187,258.10974
5213,258.25177
5240,258.45792
5270,258.72055
5296,258.86481
5324,259.05295
5355,259.3219
5382,259.4296
5411,259.62149
5443,259.88712
5468,259.94193
5498,260.2926
5526,260.36523
5553,260.49924
5589,260.90408
5613,260.7941
5645,261.21017
5674,261.19257
5699,261.38974
5736,261.74643
5760,261.56219
5794,262.05704
5822,261.95197
5863,262.11273
5908,262.49088
5931,262.32321
5967,262.75562
5998,262.72873
6036,262.89362
6074,263.25583
6094,263.00677
6130,263.48294
6162,263.42609
6193,263.58682
6225,263.83591
6254,263.66556
6289,264.08087
6319,264.01016
6348,264.16211
6385,264.40247
6418,264.31888
6452,264.59131
6483,264.66965
6513,264.77896
6546,264.89972
6577,264.94086
6609,265.1243
6644,265.25549
6674,265.33286
6706,265.39456
6739,265.54251
6772,265.54416
6804,265.70026
6836,265.77478
6867,265.8504
6904,266.04913
6934,266.00742
6970,266.25253
7002,266.25662
7034,266.28171
7068,266.5994
7099,266.4205
7136,266.75281
7168,266.63547
7202,266.70502
7238,267.01236
7265,266.71014
7303,267.07654
7336,267.04239
7365,267.00027
7405,267.41983
7436,267.21268
7475,267.54965
7507,267.42123
7539,267.48157
7577,267.78467
7605,267.51123
7644,267.91156
7677,267.80051
7708,267.83151
7748,268.06375
7777,267.85104
7815,268.19919
7847,268.15448
7881,268.17651
7920,268.39832
7951,268.30026
7987,268.46692
8021,268.51718
8057,268.56543
8092,268.65027
8127,268.69391
8164,268.73785
8196,268.82114
8232,268.80994
8263,268.82861
8300,268.99149
8334,268.93185
8370,269.11044
8406,269.10547
8440,269.14929
8478,269.40756
8508,269.18942
8547,269.44254
8582,269.45761
8614,269.39334
8655,269.72269
8687,269.40903
8726,269.77054
8760,269.60895
8789,269.58435
8834,269.94418
8862,269.64264
8901,269.90689
8940,269.94815
8971,269.90744
9013,270.20511
9045,269.90729
9083,270.27304
9117,270.16556
9151,270.13626
9191,270.44705
9221,270.12674
9262,270.44559
9299,270.35321
9346,270.35922
9388,270.57666
9418,270.38354
9457,270.62775
9494,270.63568
9526,270.62854
9564,270.76318
9602,270.75406
9645,270.88345
9682,270.8653
9717,270.89514
9752,270.9342
9788,270.99072
9827,270.96924
9865,271.06271
9901,271.09396
9936,271.06116
9978,271.24753
10016,271.13449
10053,271.28201
10090,271.33475
10125,271.28952
10167,271.60464
10197,271.28317
10236,271.51706
10276,271.539
10306,271.42068
10348,271.75116
10379,271.43979
10417,271.69629
10456,271.65955
10489,271.56735
10530,271.95056
10560,271.65591
10598,271.91098
10637,271.94119
10671,271.8327
10713,272.19058
10743,271.81894
10783,272.13004
10823,272.06229
10855,271.98721
10896,272.26932
10928,272.02869
10967,272.23984
11004,272.25632
11038,272.19366
11080,272.37912
11117,272.29959
11153,272.43735
11189,272.45312
11225,272.45596
11263,272.56555
11303,272.51663
11339,272.55576
11381,272.62775
11423,272.63736
11473,272.60983
11518,272.7623
11551,272.65973
11586,272.75821
11623,272.81363
11656,272.77151
11699,273.02509
11728,272.79788
11769,273.03665
11809,273.04834
11840,272.89789
11883,273.25726
11914,272.92862
11955,273.14203
11991,273.14874
12023,273.03308
12067,273.39163
12096,273.04645
12134,273.28857
12170,273.32736
12203,273.21725
12248,273.61441
12279,273.28009
12317,273.5296
12358,273.51614
12392,273.37323
12436,273.73291
12469,273.41245
12505,273.61453
12544,273.68964
12577,273.55829
12617,273.77838
12650,273.60895
12686,273.7583
12722,273.8175
12759,273.75507
12797,273.96616
12837,273.90491
12870,273.9104
12907,273.96649
12946,273.98737
12982,274.05093
13019,274.0838
13053,274.04181
13090,274.10809
13126,274.11948
13162,274.0918
13200,274.29349
13235,274.16635
13271,274.24011
13312,274.37595
13348,274.26764
13387,274.53128
13420,274.30371
13460,274.46204
13497,274.539
13529,274.34573
13572,274.69952
13604,274.39359
13641,274.56625
13680,274.64819
13712,274.47522
13754,274.84048
13787,274.5369
13823,274.71814
13865,274.84869
13898,274.67389
13916,274.81979
13916,274.82339
13940,274.24945
13952,273.41641
13962,272.75784
13972,272.22073
13976,271.76303
13983,271.37009
13985,271.01636
13992,270.70929
13993,270.42114
13995,270.1694
13995,270.16324
13995,270.16016
13996,269.82968
13981,268.3342
13953,266.4155
13936,265.13577
13920,263.87039
13901,262.43384
13883,261.27777
13861,259.82251
13846,258.63235
13828,257.3577
13807,255.94456
13789,254.87146
13768,253.38312
13751,252.29117
13731,250.96146
13712,249.64674
13696,248.56749
13675,247.07834
13660,246.08989
13641,244.69292
13620,243.46527
13603,242.3419
13582,240.83223
13568,239.85568
13548,238.42802
13529,237.24187
13514,236.11417
13491,234.63081
13477,233.66447
13454,232.19969
13437,231.08064
13420,229.9147
13400,228.53552
13383,227.55487
13364,226.15234
13346,225.0533
13325,223.83067
13308,222.52614
13292,221.46581
13269,220.08821
13255,219.02855
13236,217.7688
13220,216.54378
13198,215.35416
13180,214.11539
13165,213.03394
13146,211.74998
13130,210.68195
13111,209.44011
13095,208.27361
13076,207.1214
13058,205.86305
13042,204.79509
13022,203.47256
13007,202.4097
12990,201.21465
12968,199.95233
12954,198.90259
12933,197.56163
12917,196.60454
12899,195.30646
12881,194.1851
12867,193.13058
12844,191.75638
12832,190.83107
12811,189.50258
12792,188.41838
12777,187.32869
12754,185.95038
12741,185.045
12721,183.67574
12706,182.64806
12690,181.53119
12668,180.14348
12658,179.3519
12635,177.95671
12620,177.00014
12604,175.85422
12583,174.50993
12571,173.66916
12547,172.24533
12535,171.29659
12517,170.13205
12496,168.84453
12485,167.9529
12464,166.55556
12449,165.58115
12429,164.43285
12412,163.20201
12397,162.30595
12376,160.9501
12362,159.96346
12343,158.82338
12327,157.67357
12310,156.63895
12294,155.46245
12275,154.35359
12257,153.25682
12241,152.1055
12222,150.92807
12208,149.92351
12187,148.68021
12172,147.63469
12158,146.64146
12136,145.3454
12125,144.4621
12104,143.20497
12089,142.20044
12074,141.17729
12053,139.83391
12042,139.03497
12021,137.72166
12006,136.73878
11992,135.70473
11969,134.34035
11959,133.59015
11937,132.22551
11921,131.3472
11906,130.29826
11885,128.92651
11874,128.1927
11854,126.8558
11838,125.9045
11823,124.89107
11804,123.58929
11791,122.79509
11769,121.44157
11755,120.49977
11739,119.42964
11720,118.20075
11708,117.36693
11687,116.11047
11673,115.12377
11657,114.06748
11641,112.91631
11623,111.96186
11605,110.82008
11591,109.81596
11573,108.79532
11560,107.71962
11540,106.51875
11526,105.52139
11509,104.46671
11494,103.48889
11477,102.52101
11460,101.39954
11448,100.53497
11430,99.42919
11416,98.47595
11401,97.57302
11382,96.36234
11369,95.60113
11354,94.46767
11338,93.53943
11324,92.60053
11303,91.32475
11293,90.60611
11275,89.37601
11259,88.49074
11246,87.5928
11225,86.26538
11216,85.62641
11195,84.38493
11182,83.48984
11169,82.54797
11151,81.29032
11139,80.65979
11119,79.42614
11106,78.52013
11092,77.55736
11071,76.2873
11060,75.61993
11042,74.3483
11029,73.50462
11014,72.53944
10996,71.39056
10984,70.59952
10964,69.36406
10949,68.4875
10936,67.58526
10919,66.5311
10905,65.61077
10890,64.55066
10872,63.54617
10858,62.56411
10842,61.56799
10825,60.53526
10812,59.59602
10798,58.57641
10779,57.60838
10765,56.7156
10749,55.5424
10737,54.72532
10717,53.65413
10702,52.69857
10689,51.81131
10671,50.62502
10662,49.87617
10641,48.71293
10627,47.73863
10614,46.87728
10592,45.57415
10584,44.98354
10564,43.81022
10551,42.8716
10537,42.01122
10519,40.73556
10510,40.13599
10493,38.91872
10477,38.04494
10465,37.19613
10444,35.93793
10434,35.25346
10415,34.05443
10402,33.1875
10388,32.28114
10369,31.10084
10357,30.4098
10339,29.24481
10324,28.33835
10311,27.45102
10296,26.40308
10285,25.54601
10267,24.49278
10253,23.61917
10238,22.69516
10223,21.71446
10209,20.77374
10195,19.81107
10181,18.84177
10167,17.94249
10153,17.04719
10138,16.03296
10125,15.21027
10111,14.24375
10096,13.39043
10086,12.5364
10068,11.48554
10058,10.81363
10045,9.85303
10030,8.95934
10017,8.20578
10001,7.07307
9992,6.48572
9979,5.48261
9965,4.68922
9956,3.96706
9956,3.94712
9956,3.93703
9945,3.1305
9949,3.31994
9946,3.46759
9945,3.60358
9948,3.71007
9948,3.81797
9947,3.9155
9949,4.00729
9951,4.09336
9952,4.18349
9952,4.18471
9955,4.48354
9974,5.93629
9992,7.39051
10006,8.41963
10019,9.55152
10035,10.76543
10049,11.70753
10064,13.02351
10077,14.01666
10094,15.18952
10110,16.39918
10120,17.40631
10142,18.80069
10153,19.75874
10170,21.01883
10187,22.19521
10200,23.24914
10219,24.63152
10231,25.55844
10249,26.88714
10268,28.00374
10280,29.07633
10299,30.40016
10313,31.4108
10331,32.76883
10347,33.83523
10362,35.02262
10383,36.33256
10397,37.35868
10415,38.72131
10429,39.81102
10447,41.07394
10466,42.21786
10479,43.35496
10498,44.62935
10514,45.70679
10529,46.9494
10547,48.08412
10565,49.30011
10580,50.50292
10594,51.59489
10616,52.94604
10630,53.99488
10645,55.27731
10665,56.41938
10680,57.62542
10700,58.93662
10714,59.95012
10732,61.29656
10750,62.35097
10766,63.5317
10784,64.82379
10800,65.88174
10820,67.24824
10834,68.26656
10855,69.58128
10870,70.78571
10888,71.85426
10909,73.29113
10925,74.26954
10945,75.68156
10959,76.7449
10976,77.86948
10997,79.28456
11010,80.14536
11032,81.56406
11046,82.65558
11059,83.70603
11084,85.18032
11097,86.16591
11118,87.60995
11131,88.56995
11150,89.7884
11170,91.14675
11185,92.08176
11206,93.54811
11220,94.55823
11238,95.77548
11257,97.02601
11272,98.00216
11292,99.41097
11309,100.46918
11326,101.66376
11346,102.94655
11359,103.99764
11382,105.26832
11395,106.43591
11417,107.62714
11433,108.81595
11451,109.99715
11468,111.15085
11486,112.33823
11503,113.46021
11522,114.54724
11538,115.79548
11554,116.83377
11572,118.08728
11588,119.19318
11605,120.29198
11623,121.65012
11639,122.55211
11659,123.91573
11676,124.98479
11692,126.02473
11712,127.45304
11724,128.25581
11745,129.71782
11760,130.58603
11776,131.65817
11796,133.03093
11809,133.81844
11830,135.18066
11844,136.20805
11862,137.27919
11885,138.64644
11894,139.40469
11916,140.85307
11931,141.74251
11946,142.80553
11967,144.10706
11976,144.8537
11997,146.17235
12013,147.06604
12027,148.14362
12046,149.31047
12056,150.15019
12076,151.38348
12091,152.38197
12107,153.43304
12124,154.57292
12138,155.55547
12156,156.7011
12172,157.71199
12189,158.77095
12204,159.80551
12219,160.87007
12236,161.86647
12253,162.98526
12270,163.99413
12283,164.95961
12301,166.16972
12315,167.04091
12335,168.20926
12350,169.24515
12365,170.23273
12383,171.55775
12397,172.25435
12418,173.5295
12432,174.4995
12446,175.43994
12467,176.73154
12477,177.42964
12497,178.73497
12510,179.62943
12526,180.56067
12545,181.90295
12558,182.60895
12577,183.91391
12593,184.88303
12608,185.82962
12627,187.19211
12638,187.81857
12661,189.17989
12672,190.04907
12687,191.04193
12706,192.26506
12718,193.02382
12737,194.23698
12750,195.18483
12768,196.15231
12786,197.30553
12801,198.18629
12819,199.31729
12833,200.32132
12850,201.3208
12865,202.3817
12882,203.32887
12897,204.33522
12912,205.38922
12929,206.35649
12944,207.3177
12962,208.40759
12973,209.26582
12990,210.33275
13006,211.3176
13022,212.24593
13040,213.47543
13053,214.21362
13070,215.43941
13084,216.38293
13099,217.23227
13121,218.56706
13130,219.18443
13149,220.40775
13163,221.30791
13179,222.19563
13196,223.46654
13208,224.0647
13229,225.30708
13243,226.22707
13257,227.11201
13279,228.48724
13290,229.0952
13313,230.36098
13323,231.22017
13338,232.09993
13359,233.39503
13369,234.00255
13386,235.21164
13403,236.1626
13420,237.02922
13436,238.14897
13451,238.91052
13468,240.02327
13485,240.98074
13499,241.90211
13520,243.00648
13533,243.88715
13549,244.87143
13566,245.82101
13580,246.78514
13596,247.73975
13613,248.70589
13628,249.58163
13647,250.56146
13661,251.43616
13676,252.32961
13694,253.40346
13708,254.15804
13726,255.11797
13742,256.09244
13757,256.87775
13777,257.98166
13791,258.61221
13808,259.67206
13823,260.49026
13838,261.17725
13857,262.32166
13869,262.79309
13887,263.80313
13903,264.55869
13918,265.21106
13939,266.29211
13950,266.71436
13968,267.67029
13988,268.44608
14002,269.01984
14024,270.04758
14034,270.39587
14056,271.26917
14073,271.86963
14088,272.33533
14109,273.20724
14125,273.4577
14145,274.16742
14164,274.66901
14182,275.02365
14207,275.67227
14225,275.92136
14246,276.38654
14273,276.79468
14293,276.99838
14318,277.39282
14344,277.63098
14370,277.77982
14396,278.00681
14422,278.12854
14449,278.20789
14480,278.45804
14505,278.37442
14534,278.50983
14567,278.57254
14595,278.4985
14629,278.73169
14655,278.51926
14690,278.65689
14725,278.63495
14752,278.45853
14790,278.7337
14820,278.30328
14853,278.46774
14888,278.47174
14916,278.23361
14954,278.52878
14982,278.14078
15016,278.27612
15052,278.3201
15088,278.09058
15135,278.43234
15165,278.09314
15198,278.17117
15236,278.20993
15265,278.01553
15306,278.27789
15333,277.87878
15370,278.10797
15406,278.07721
15435,277.8833
15472,278.08771
15504,277.90646
15540,278.00589
15573,277.98441
15605,277.91364
15642,278.05331
15674,277.96707
15710,277.97037
15743,277.97528
15780,277.95035
15812,277.936
15848,277.96799
15881,277.88916
15917,277.92685
15952,277.90567
15985,277.86258
16020,277.9819
16051,277.83691
16087,277.8988
16127,278.00439
16159,277.81735
16198,278.04861
16233,277.78665
16271,277.94174
16312,277.96008
16344,277.79834
16383,278.11826
16415,277.76328
16454,277.91452
16491,277.9801
16523,277.8136
16565,278.11661
16596,277.80676
16634,278.03912
16674,278.07629
16706,277.8768
16749,278.23563
16783,277.87164
16832,278.10703
16878,278.13721
16911,277.96814
16954,278.272
16989,277.94293
17024,278.11679
17062,278.12393
17095,278.00482
17137,278.23566
17172,278.15387
17210,278.26205
17249,278.27823
17284,278.20148
17327,278.3324
17363,278.2663
17404,278.2963
17441,278.30923
17480,278.32465
17515,278.33981
17555,278.35843
17588,278.30539
17625,278.34338
17664,278.4169
17698,278.34863
17739,278.599
17778,278.42133
17813,278.48956
17860,278.59647
17895,278.43683
17938,278.75052
17969,278.43387
18009,278.61166
18050,278.70135
18080,278.47379
18123,278.80176
18156,278.51141
18192,278.64636
18233,278.76181
18268,278.60895
18310,278.98193
18342,278.62552
18382,278.84451
18425,278.95752
18457,278.72034
18500,279.06985
18534,278.76724
18570,278.94052
18611,278.98511
18647,278.79691
18690,279.07187
18724,278.89462
18760,278.99323
18799,279.08359
18836,279.03452
18875,279.17383
18913,279.10175
18950,279.16827
18989,279.19928
19026,279.16165
19064,279.23291
19101,279.27356
19137,279.20102
19175,279.22974
19214,279.31573
19249,279.2319
19287,279.38345
19326,279.3056
19362,279.3717
19404,279.55719
19438,279.33151
19480,279.6398
19516,279.44058
19551,279.47394
19595,279.68567
19625,279.42001
19668,279.76837
19702,279.44394
19739,279.53241
19780,279.74933
19813,279.47858
19853,279.81998
19890,279.61661
19928,279.73837
19969,279.9212
20002,279.65002
20045,280.02835
20080,279.74774
20117,279.85052
20160,280.04294
20189,279.78284
20231,280.07996
20266,279.86926
20305,279.94879
20344,280.05402
20379,279.90958
20417,280.11957
20456,280.06952
20494,280.10733
20533,280.19937
20569,280.14822
20606,280.2496
20644,280.25351
20681,280.24341
20719,280.30316
20756,280.31586
20793,280.23862
20830,280.37061
20867,280.30212
20904,280.31967
20945,280.49304
20978,280.34335
21018,280.57565
21055,280.49051
21090,280.48428
21133,280.73077
21163,280.43082
21205,280.70349
21242,280.58728
21276,280.59641
21318,280.80646
21350,280.53763
21390,280.83948
21425,280.65411
21460,280.68188
21504,280.96021
21534,280.67255
21576,281.0119
21609,280.83292
21645,280.88644
21686,281.09708
21719,280.82498
21760,281.14624
21797,280.94943
21830,280.98083
21869,281.13129
21905,280.94696
21946,281.17566
21977,281.08295
22015,281.11597
22052,281.24692
22086,281.17932
22123,281.27045
22163,281.3226
22199,281.37814
22236,281.34476
22273,281.35919
22308,281.4035
22345,281.43314
22381,281.41031
22419,281.4115
22457,281.55362
22489,281.41156
22529,281.55347
22563,281.55173
22599,281.56607
22638,281.74265
22672,281.55679
22709,281.79156
22744,281.6644
22778,281.61273
22821,281.98001
22850,281.62723
22892,281.89642
22927,281.74524
22957,281.73001
22999,282.01169
23026,281.7218
23066,282.00577
23102,281.92606
23133,281.87448
23175,282.22064
23206,281.87668
23244,282.21048
23278,282.04019
23312,282.06039
23355,282.33014
23386,281.97382
23424,282.28519
23464,282.17075
23516,282.17145
23559,282.40546
23589,282.14288
23626,282.37299
23660,282.33292
23694,282.35565
23730,282.48352
23763,282.40598
23802,282.50607
23837,282.55109
23871,282.54721
23908,282.56357
23944,282.58115
23977,282.53009
24012,282.62891
24046,282.60123
24079,282.58521
24116,282.77536
24151,282.67459
24186,282.80554
24219,282.7756
24255,282.72382
24293,283.02228
24325,282.75201
24362,282.99628
24397,282.90872
24429,282.84195
24468,283.13394
24499,282.80533
24535,283.06839
24569,283.00784
24601,282.94824
24641,283.29288
24668,282.95166
24705,283.24265
24742,283.16293
24774,283.12558
24815,283.38818
24844,283.08514
24883,283.45047
24936,283.28119
24977,283.23383
25018,283.47644
25045,283.23376
25083,283.46268
25115,283.42813
25148,283.40707
25186,283.56705
25217,283.41724
25254,283.61472
25289,283.61008
25324,283.61371
25361,283.64993
25399,283.69858
25434,283.69955
25468,283.70981
25502,283.69894
25534,283.67999
25569,283.80707
25601,283.74203
25637,283.82571
25673,283.8764
25704,283.79535
25745,284.07956
25775,283.86652
25811,284.04498
25846,284.01917
25881,283.9288
25921,284.28802
25946,283.91031
25984,284.15216
26021,284.12506
26050,283.99356
26089,284.35272
26119,284.03342
26155,284.28595
26190,284.26285
26219,284.16107
26263,284.55441
26291,284.17523
26330,284.46991
26364,284.41696
26397,284.32666
26437,284.66266
26464,284.2774
26502,284.60538
26537,284.48575
26567,284.41171
26606,284.65097
26637,284.491
26671,284.67966
26705,284.65497
26739,284.63538
26778,284.76697
26809,284.66977
26845,284.81091
26882,284.87637
26916,284.81503
26950,284.8255
26986,284.91034
27018,284.82352
27054,284.8887
27088,284.91217
27120,284.88306
27156,285.10458
27190,284.93762
27224,285.07541
27262,285.11923
27295,284.98511
27331,285.30997
27363,285.0527
27411,285.23624
27446,285.26196
27478,285.08987
27516,285.39087
27545,285.09363
27580,285.30078
27615,285.34402
27647,285.20697
27687,285.53134
27717,285.23984
27756,285.53638
27791,285.51849
27822,285.35605
27862,285.71606
27892,285.43018
27931,285.71167
27966,285.59326
27995,285.50201
28037,285.76379
28065,285.54697
28101,285.71875
28136,285.74789
28170,285.65903
28206,285.83667
28241,285.77307
28277,285.89374
28310,285.86453
28343,285.8461
28382,285.93073
28418,285.95776
28451,285.95349
28486,286.00455
28521,285.99359
28554,285.92532
28591,286.10254
28622,285.99313
28656,286.09924
28694,286.15207
28726,286.05817
28767,286.3515
28797,286.13092
28833,286.25098
28872,286.37042
28899,286.16351
28943,286.54718
28972,286.2066
29007,286.39325
29045,286.43756
29074,286.21167
29115,286.62344
29144,286.31583
29181,286.4588
29219,286.58197
29247,286.37286
29290,286.76944
29320,286.45355
29357,286.67334
29395,286.74524
29426,286.49796
29466,286.87149
29496,286.60022
29532,286.77298
29567,286.80774
29598,286.64664
29636,286.93198
29668,286.75558
29704,286.85559
29740,286.95248
29774,286.85934
29812,287.03891
29848,287.01181
29882,287.04639
29921,287.09845
29954,287.09604
29989,287.04236
30023,287.1503
30058,287.10779
30091,287.11694
30127,287.21243
30160,287.1156
30197,287.32068
30229,287.19406
30266,287.25223
30305,287.40976
30337,287.21735
30376,287.52429
30409,287.31631
30471,287.40198
30512,287.53903
30539,287.30353
30580,287.63477
30610,287.37674
30646,287.51804
30680,287.6492
30716,287.40219
30753,287.76865
30783,287.53958
30822,287.69925
30859,287.79544
30889,287.54352
30930,287.96506
30964,287.65198
30998,287.85706
31038,287.87122
31065,287.68536
31106,287.98743
31135,287.73831
31170,287.90088
31211,287.94873
31240,287.83139
31280,288.07541
31311,287.94376
31350,288.06979
31386,288.0784
31418,288.03854
31456,288.17758
31490,288.13739
31524,288.189
31560,288.20462
31592,288.20346
31625,288.1759
31665,288.31546
31698,288.27939
31733,288.27936
31771,288.36584
31801,288.27628
31839,288.45554
31874,288.3558
31907,288.43723
31948,288.59723
31980,288.36902
32019,288.69772
32050,288.43753
32087,288.53036
32123,288.64639
32150,288.42401
32194,288.76837
32226,288.50977
32261,288.63062
32297,288.78976
32326,288.54056
32369,288.89548
32401,288.65131
32436,288.83005
32475,288.91159
32505,288.69028
32544,289.06796
32576,288.74557
32609,288.90442
32648,289.00662
32685,288.80621
32760,289.08508
32801,288.90997
32834,289.05005
32872,289.1203
32903,288.98703
32944,289.21408
32973,289.12946
33012,289.22113
33047,289.21442
33080,289.19714
33115,289.25046
33151,289.28595
33185,289.27933
33218,289.27887
33256,289.32108
33287,289.25116
33322,289.43704
33357,289.34
33392,289.3764
33430,289.57147
33463,289.36853
33502,289.66132
33533,289.49524
33568,289.52209
33608,289.73587
33635,289.44244
33675,289.7554
33709,289.57455
33741,289.60898
33782,289.81598
33811,289.55054
33851,289.88763
33887,289.71167
33917,289.76251
33958,289.96994
33988,289.69397
34029,290.08224
34080,289.81082
34118,289.9209
34154,290.07843
34184,289.78967
34224,290.08728
34257,289.92267
34290,289.98114
34328,290.11246
34361,289.95828
34399,290.15753
34431,290.11472
34468,290.17062
34503,290.23904
34537,290.20468
34572,290.26459
34608,290.29263
34643,290.31815
34676,290.3111
34714,290.34265
34746,290.30728
34786,290.4281
34817,290.35565
34853,290.37051
34891,290.55695
34926,290.36215
34962,290.59808
34998,290.51294
35033,290.49051
35080,290.73581
35114,290.45853
35153,290.75897
35188,290.59796
35218,290.54724
35230,290.65262
35230,290.65656
35255,290.10464
35266,289.22165
35274,288.52686
35282,287.93033
35289,287.42245
35293,286.97437
35298,286.55463
35302,286.18332
35306,285.84924
35311,285.5386
35311,285.53546
35310,285.14645
35294,283.62216
35267,281.71341
35250,280.38342
35231,279.10895
35210,277.63397
35195,276.64059
35174,275.11313
35157,274.05594
35137,272.76624
35119,271.4151
35102,270.36661
35081,268.88229
35063,267.86752
35044,266.55438
35025,265.25879
35007,264.16263
34986,262.73209
34971,261.74661
34951,260.36017
34931,259.21375
34916,258.1087
34893,256.76086
34877,255.74561
34856,254.42278
34836,253.31689
34817,252.14841
34799,250.88591
34782,249.83846
34762,248.52782
34746,247.47414
34723,246.22141
34707,245.0575
34686,243.92062
34668,242.67278
34651,241.68533
34631,240.43166
34615,239.36172
34596,238.18307
34578,236.98734
34559,235.95686
34541,234.66347
34525,233.65582
34504,232.44391
34487,231.31917
34472,230.20647
34449,228.93034
34433,227.93655
34414,226.63255
34396,225.685
34377,224.50076
34360,223.32137
34342,222.34065
34321,221.02837
34304,220.1055
34287,218.8681
34267,217.75598
34255,216.76805
34230,215.40089
34216,214.52429
34196,213.20924
34177,212.16245
34162,211.12956
34140,209.72159
34127,208.95375
34105,207.61852
34088,206.62073
34073,205.57437
34051,204.22966
34038,203.40317
34016,202.06882
33999,201.09148
33983,200.04146
33964,198.71115
33947,197.8501
33926,196.5101
33911,195.52348
33895,194.44318
33873,193.21416
33860,192.32985
33839,191.0584
33822,190.04048
33806,188.96779
33786,187.84093
33767,186.73967
33749,185.67976
33731,184.58568
33712,183.47862
33695,182.40964
33678,181.19719
33661,180.2058
33641,179.05675
33624,177.9496
33608,176.98212
33586,175.72676
33575,174.85291
33555,173.70328
33537,172.56091
33522,171.61977
33501,170.27678
33487,169.5173
33467,168.29558
33450,167.19353
33433,166.25943
33412,164.8775
33399,164.13387
33379,162.88605
33363,161.91504
33349,160.97028
33323,159.61592
33312,158.92839
33294,157.67598
33275,156.64885
33259,155.74457
33240,154.43449
33225,153.68005
33204,152.40941
33189,151.41357
33172,150.43884
33151,149.15912
33138,148.40083
33118,147.14709
33101,146.13861
33087,145.19229
33067,143.99577
33053,143.0929
33033,141.97755
33014,140.92039
33002,139.97881
32984,138.90639
32967,137.85338
32949,136.82651
32932,135.72856
32915,134.7242
32897,133.73352
32879,132.55772
32866,131.72653
32847,130.64243
32829,129.66771
32815,128.79904
32795,127.58678
32784,126.80679
32766,125.7673
32749,124.83755
32737,123.99875
32712,122.641
32702,122.01617
32684,120.88076
32666,119.88869
32654,119.10448
32631,117.80437
32620,117.19051
32603,116.05139
32586,115.06854
32574,114.29282
32551,112.98868
32542,112.35156
32523,111.22004
32508,110.27235
32494,109.41263
32471,108.14124
32460,107.46037
32439,106.2934
32425,105.34345
32411,104.51643
32393,103.33918
32379,102.58591
32358,101.46964
32345,100.55881
32327,99.66569
32312,98.58958
32296,97.73877
32281,96.72508
32264,95.75575
32247,94.77071
32231,93.84191
32214,92.79285
32199,91.91415
32181,90.91935
32165,89.91832
32151,89.08557
32130,87.92321
32118,87.15374
32101,86.16402
32085,85.11953
32070,84.37984
32053,83.17728
32039,82.42465
32021,81.40829
32004,80.30309
31992,79.55373
31971,78.27533
31961,77.6677
31942,76.61862
31925,75.55175
31912,74.81947
31892,73.5356
31879,72.88994
31862,71.82163
31844,70.8512
31833,70.09303
31810,68.85983
31799,68.14993
31780,67.03279
31766,66.04915
31749,65.26988
31729,64.05969
31720,63.38489
31699,62.30236
31680,61.33405
31669,60.50575
31650,59.38974
31637,58.59289
31623,57.59728
31605,56.69381
31589,55.7802
31571,54.83383
31557,53.862
31541,52.91234
31525,51.95701
31511,51.02158
31495,50.16608
31476,49.06403
31462,48.27231
31447,47.29157
31430,46.29695
31415,45.52644
31397,44.37319
31385,43.69193
31369,42.71668
31351,41.68158
31337,40.93426
31318,39.68602
31306,39.03001
31289,38.01983
31272,37.01326
31259,36.33278
31237,35.06245
31228,34.46792
31211,33.42618
31192,32.45655
31182,31.7768
31162,30.56065
31150,29.96042
31135,28.95273
31118,27.9696
31104,27.28391
31075,26.09145
31062,25.4965
31045,24.4658
31028,23.59193
31017,22.90971
31003,21.81071
30989,21.14272
30972,20.18732
30960,19.36134
30950,18.62878
30932,17.69624
30920,16.9475
30905,16.05065
30891,15.23324
30878,14.41217
30863,13.5748
30848,12.69039
30833,11.98471
30823,11.22578
30807,10.39055
30798,9.80053
30782,8.95823
30774,8.42421
30763,7.7252
30749,6.91246
30741,6.38123
30725,5.45795
30714,4.86619
30701,4.11363
30699,3.94532
30699,3.93417
30691,3.45034
30704,4.54733
30769,8.86317
30802,11.29798
30835,13.67173
30864,15.91186
30894,18.11106
30927,20.31966
30959,22.58555
30992,24.89954
31029,27.21635
31066,29.52748
31094,31.78463
31126,34.14089
31162,36.50419
31196,38.77691
31229,41.00672
31265,43.37608
31296,45.67421
31335,47.99929
31372,50.36359
31408,52.75778
31443,55.07048
31477,57.28597
31510,59.53238
31547,61.87257
31583,64.29772
31620,66.69709
31655,69.04523
31690,71.28163
31722,73.43557
31758,75.76743
31797,78.17246
31833,80.58429
31870,82.84055
31905,85.18745
31941,87.40379
31977,89.73157
32013,92.03649
32047,94.28532
32083,96.62157
32120,98.88187
32154,101.19034
32190,103.46216
32226,105.62881
32262,107.83405
32298,110.1472
32332,112.3339
32369,114.56436
32403,116.85904
32441,119.15984
32475,121.37625
32507,123.40715
32542,125.53402
32573,127.70482
32612,130.02548
32650,132.24301
32680,134.21822
32712,136.19737
32747,138.20874
32777,140.35643
32810,142.38567
32844,144.41055
32879,146.569
32916,148.69742
32945,150.62419
32978,152.60457
33010,154.63007
33042,156.70676
33077,158.8013
33109,160.78011
33141,162.7814
33174,164.77458
33207,166.87865
33240,168.93484
33273,170.79919
33305,172.79802
33340,174.87534
33376,177.07196
33410,179.08723
33440,180.94153
33470,182.8019
33502,184.84415
33536,186.88324
33569,188.91925
33601,190.88486
33633,192.86452
33666,194.85095
33697,196.73233
33731,198.71758
33762,200.59077
33797,202.6329
33831,204.69394
33861,206.56497
33895,208.42093
33926,210.26071
33960,212.34134
33992,214.25037
34022,216.04906
34057,217.97679
34087,219.92439
34121,221.92245
34154,223.83405
34185,225.60941
34215,227.46437
34250,229.41069
34282,231.39584
34315,233.28818
34349,235.09653
34381,236.95724
34412,238.75984
34443,240.47475
34473,242.2541
34521,244.1488
34557,246.07726
34588,247.9055
34615,249.53882
34646,251.25858
34679,253.06784
34714,255.0015
34747,256.79428
34778,258.50168
34810,260.2868
34841,262.04599
34877,263.81348
34909,265.5325
34939,267.16269
34972,268.936
35007,270.73843
35041,272.4548
35075,274.11032
35107,275.68213
35141,277.35294
35176,278.93671
35210,280.44031
35246,281.95941
35282,283.49203
35322,285.03711
35357,286.28818
35390,287.43158
35427,288.5799
35470,289.79263
35512,291.01846
35553,291.97104
35595,292.7327
35637,293.4028
35684,294.05685
35732,294.61404
35782,295.09564
35833,295.43414
35892,295.70898
35957,295.93741
36015,296.02249
36070,296.0452
36125,296.03693
36182,296.10605
36243,296.11499
36302,296.0275
36359,295.86926
36421,295.97449
36477,295.83383
36533,295.74005
36586,295.53271
36646,295.53583
36706,295.59415
36767,295.60001
36824,295.52725
36881,295.32239
36938,295.26505
36996,295.23254
37054,295.25256
37112,295.28873
37171,295.20801
37234,295.21326
37294,295.15314
37354,295.06409
37411,294.98236
37473,295.05606
37538,295.1937
37598,295.056
37658,294.97943
37722,294.92514
37788,294.95285
37851,295.0022
37915,294.93073
37977,294.85703
38044,294.89722
38108,294.92615
38174,294.97757
38239,294.91815
38303,294.78027
38367,294.7507
38436,294.85648
38503,294.91797
38570,294.86905
38637,294.84341
38705,294.84134
38770,294.82217
38835,294.70801
38905,294.73962
38977,294.87408
39046,294.92056
39115,294.88132
39180,294.75864
39251,294.70676
39320,294.79428
39390,294.88385
39462,294.89615
39531,294.83099
39603,294.84308
39673,294.83932
39745,294.92871
39813,294.88373
39884,294.81528
39959,294.92166
40033,294.97943
40107,294.96387
40189,294.96252
40267,294.93909
40341,294.99344
40412,294.96906
40484,294.9538
40563,295.0332
40640,295.12195
40715,295.15179
40791,295.17685
40864,294.99152
40940,295.01953
41013,295.14029
41091,295.31284
41164,295.26886
41235,295.12939
41313,295.23373
41392,295.25928
41465,295.2756
41541,295.28314
41616,295.35654
41693,295.40329
41769,295.45917
41847,295.4386
41924,295.40866
41998,295.43518
42074,295.5173
42154,295.57269
42231,295.513
42312,295.57123
42394,295.71732
42466,295.71399
42543,295.68042
42617,295.55817
42695,295.69278
42773,295.86029
42854,295.93967
42934,295.9176
43011,295.80069
43088,295.8172
43167,295.93771
43242,295.98288
43321,296.01401
43400,296.02795
43478,296.09808
43558,296.15634
43631,296.04611
43711,296.11185
43788,296.20117
43869,296.35361
43947,296.31552
44022,296.23688
44107,296.39368
44185,296.38846
44260,296.41476
44339,296.39359
44417,296.37604
44499,296.50714
44583,296.61829
44663,296.73999
44739,296.61859
44814,296.56842
44891,296.62241
44971,296.78918
45050,296.85168
45128,296.84027
45205,296.91467
45283,296.91354
45364,296.8891
45434,296.82159
45513,296.9632
45594,297.10162
45672,297.16394
45748,297.1618
45825,297.05209
45904,297.10596
45981,297.21854
46057,297.32022
46135,297.35101
46213,297.24414
46291,297.35956
46371,297.49841
46449,297.50061
46521,297.41074
46596,297.38223
46675,297.55121
46756,297.67514
46832,297.64185
46912,297.74731
46986,297.69608
47064,297.73785
47138,297.73938
47215,297.75757
47293,297.90225
47370,297.9332
47450,298.06979
47524,297.94632
47599,297.85297
47674,297.96051
47754,298.16806
47829,298.23126
47903,298.12897
47978,298.17999
48058,298.20032
48136,298.28494
48209,298.28912
48284,298.31107
48360,298.31714
48437,298.41611
48515,298.51779
48591,298.48801
48666,298.4899
48739,298.52719
48815,298.59229
48890,298.57202
48962,298.58981
49041,298.75949
49118,298.86279
49189,298.81934
49261,298.70804
49338,298.72754
49414,298.86102
49487,299.01941
49564,299.02905
49639,299.04489
49709,298.89908
49783,299.02286
49859,299.1171
49929,299.10861
50000,299.15735
50076,299.21588
50148,299.34561
50223,299.2861
50293,299.2417
50365,299.29486
50438,299.38083
50507,299.42874
50582,299.44351
50652,299.4809
50726,299.52835
50797,299.62012
50868,299.59091
50938,299.55341
51006,299.51447
51082,299.70508
51154,299.89026
51225,299.83328
51294,299.70139
51365,299.80728
51437,299.81891
51514,299.8848
51589,299.95529
51660,300.03229
51728,300.04214
51800,300.0802
51868,300.02087
51938,300.02237
52007,300.12219
52078,300.2323
52146,300.24396
52216,300.25925
52285,300.19424
52355,300.26022
52424,300.3869
52492,300.33365
52558,300.32214
52628,300.40311
52702,300.58725
52772,300.55023
52837,300.54007
52902,300.50223
52972,300.53891
53041,300.63843
53109,300.67337
53178,300.76404
53248,300.77859
53316,300.7717
53382,300.73767
53450,300.76773
53521,300.78772
53595,300.97687
53670,301.09201
53740,301.05151
53806,300.93619
53875,300.88028
53942,301.05734
54009,301.16214
54075,301.13544
54144,301.14801
54213,301.17233
54287,301.26031
54354,301.27264
54421,301.28137
54485,301.22568
54554,301.30817
54623,301.45331
54690,301.49808
54757,301.45551
54825,301.47202
54894,301.53125
54955,301.47592
55022,301.50323
55092,301.5957
55158,301.73328
55227,301.78336
55292,301.72684
55366,301.64096
55441,301.6846
55509,301.83728
55576,301.98376
55646,301.96753
55717,301.94424
55787,301.86679
55854,301.95734
55924,302.09003
55988,301.97803
56055,302.02823
56122,302.12741
56192,302.18591
56260,302.20261
56327,302.13965
56396,302.25626
56463,302.28238
56528,302.25928
56596,302.32159
56666,302.40228
56736,302.49387
56807,302.52362
56872,302.44281
56936,302.33148
57004,302.41071
57078,302.65375
57147,302.72052
57213,302.64465
57282,302.59329
57350,302.63696
57418,302.64972
57495,302.76804
57573,302.78137
57656,302.86624
57729,302.92328
57797,302.86563
57865,302.86758
57933,302.7901
58006,302.92001
58076,303.04172
58147,303.07739
58218,303.0159
58289,303.04208
58362,303.20673
58432,303.19916
58498,303.06351
58569,303.10315
58644,303.23941
58716,303.38171
58788,303.3887
58857,303.27048
58929,303.24362
58998,303.32809
59066,303.3653
59140,303.50092
59216,303.50552
59291,303.5401
59361,303.54172
59432,303.53836
59502,303.48694
59574,303.54877
59645,303.73959
59718,303.78201
59788,303.71695
59860,303.6442
59931,303.66629
60004,303.80045
60075,303.81454
60146,303.78745
60218,303.84897
60294,303.92258
60366,304.00735
60440,304.05597
60508,303.90942
60580,303.90887
60652,304.01663
60725,304.14648
60799,304.18353
60872,304.09128
60945,304.1413
61019,304.15802
61085,304.13486
61158,304.14792
61231,304.28159
61307,304.4183
61379,304.44296
61450,304.30374
61521,304.24307
61594,304.31601
61665,304.47763
61738,304.56076
61809,304.46173
61883,304.48627
61956,304.51987
62033,304.61203
62105,304.58038
62172,304.49521
62249,304.63992
62326,304.71478
62397,304.75815
62472,304.77335
62545,304.73544
62615,304.76169
62685,304.75482
62759,304.75995
62835,304.85907
62910,304.90311
62984,305.0159
63056,305.02731
63123,304.85657
63197,304.84933
63273,305.0173
63347,305.19449
63424,305.18652
63497,305.09094
63574,305.11377
63648,305.08051
63720,305.15909
63792,305.17282
63869,305.25186
63944,305.31091
64022,305.38211
64096,305.36874
64167,305.27121
64240,305.33148
64314,305.41861
64388,305.4946
64462,305.42209
64538,305.45694
64619,305.56201
64696,305.5939
64765,305.54495
64835,305.40985
64913,305.58722
64989,305.67886
65065,305.77536
65139,305.80682
65212,305.64856
65285,305.63617
65358,305.72006
65432,305.80521
65510,305.85556
65583,305.8446
65661,305.91605
65737,305.922
65809,305.84772
65885,305.77057
65960,306.0206
66035,306.08798
66111,306.07837
66186,306.00473
66263,306.10007
66339,306.06122
66415,306.17087
66484,306.12173
66560,306.07309
66637,306.1788
66712,306.20639
66788,306.38498
66860,306.26886
66931,306.18021
67005,306.22516
67082,306.38959
67160,306.43082
67230,306.39462
67308,306.53156
67383,306.47156
67453,306.37256
67522,306.34781
67602,306.4856
67675,306.5925
67750,306.66089
67821,306.64124
67894,306.53619
67968,306.55679
68040,306.63879
68115,306.75662
68188,306.73624
68261,306.69263
68337,306.79855
68412,306.84119
68486,306.83856
68555,306.7507
68629,306.76575
68703,306.85388
68778,306.93076
68851,306.91568
68926,307.01361
68999,306.95734
69070,306.98184
69144,306.98453
69215,306.98993
69292,307.08395
69368,307.18347
69444,307.27307
69514,307.13101
69585,307.00037
69659,307.04361
69733,307.21884
69807,307.32791
69880,307.27225
69953,307.25696
70028,307.27493
70101,307.31372
70175,307.35977
70246,307.35635
70318,307.34756
70394,307.43829
70470,307.55875
70543,307.46899
70617,307.4325
70686,307.42227
70760,307.49356
70832,307.55042
70906,307.54092
70980,307.61456
71055,307.66449
71130,307.70193
71198,307.5762
71271,307.56555
71346,307.67218
71422,307.86102
71498,307.84171
71572,307.83771
71653,307.71664
71728,307.71698
71801,307.82523
71874,307.84482
71948,307.9137
72023,307.90744
72095,307.99677
72170,307.98798
72241,307.88278
72316,307.9386
72388,308.03052
72468,308.09424
72543,308.05624
72613,308.03772
72690,308.08871
72764,308.14075
72834,308.14343
72904,308.08252
72979,308.06555
73052,308.22556
73131,308.35587
73203,308.35889
73274,308.23969
73342,308.1452
73420,308.26535
73492,308.36887
73567,308.39175
73638,308.38568
73714,308.42737
73787,308.46014
73855,308.34854
73929,308.34122
74005,308.43546
74089,308.57922
74165,308.56226
74239,308.58026
74310,308.47263
74384,308.49609
74459,308.64896
74530,308.62677
74602,308.58514
74674,308.57312
74749,308.69379
74825,308.80475
74898,308.73773
74966,308.68402
75037,308.65161
75112,308.772
75186,308.8295
75259,308.89108
75332,308.88736
75406,308.84705
75478,308.84732
75551,308.85046
75623,308.80685
75702,308.95807
75777,309.0957
75851,309.08875
75927,309.00198
76002,308.84134
76087,308.97958
76164,309.09512
76235,309.11752
76307,309.08075
76381,309.04153
76457,309.15973
76531,309.16946
76601,309.15417
76672,309.10477
76746,309.17822
76822,309.27716
76898,309.36539
76981,309.29651
77057,309.25323
77127,309.28439
77201,309.29248
77272,309.29453
77346,309.30698
77425,309.48691
77502,309.52042
77575,309.44089
77649,309.32837
77724,309.30029
77802,309.46802
77877,309.59326
77952,309.63077
78027,309.53668
78098,309.45227
78175,309.55264
78250,309.60385
78321,309.56036
78393,309.59705
78468,309.66714
78545,309.70767
78621,309.6889
78691,309.60355
78763,309.66962
78836,309.72546
78908,309.73392
78985,309.74814
79061,309.79459
79135,309.83154
79208,309.8526
79280,309.81335
79351,309.72748
79424,309.76846
79504,309.96515
79577,310.03787
79651,309.96524
79721,309.87408
79795,309.87335
79870,309.95227
79941,310.01776
80018,310.02286
80094,310.09393
80169,310.11044
80241,310.05838
80314,310.05334
80385,309.99292
80461,310.11316
80534,310.17017
80611,310.19333
80682,310.11398
80755,310.10226
80833,310.22495
80905,310.25824
80979,310.17715
81048,310.10223
81131,310.35507
81209,310.32306
81281,310.36935
81355,310.28879
81427,310.22452
81501,310.24692
81575,310.37616
81652,310.42172
81724,310.37912
81800,310.44504
81874,310.45792
81948,310.41745
82019,310.3714
82093,310.40976
82172,310.57886
82245,310.6261
82318,310.57947
82393,310.46964
82468,310.50806
82544,310.58282
82616,310.58206
82688,310.58725
82773,310.60645
82849,310.63022
82926,310.67859
83001,310.72073
83072,310.64801
83146,310.6192
83220,310.70096
83297,310.79492
83374,310.82611
83446,310.76883
83522,310.8273
83597,310.75424
83668,310.72638
83743,310.76208
83819,310.84537
83894,310.94495
83971,310.97302
84043,310.87375
84119,310.80923
84191,310.84854
84268,310.95667
84347,311.07907
84417,311.00061
84494,310.94333
84570,310.983
84646,311.02325
84717,311.01532
84789,310.92078
84868,311.08969
84954,311.0976
85036,311.10873
85117,311.11996
85195,311.08444
85272,311.15402
85346,311.13635
85421,311.17847
85498,311.14993
85576,311.1835
85657,311.29956
85733,311.31622
85809,311.17361
85885,311.11243
85960,311.16611
86038,311.35162
86116,311.46011
86191,311.31882
86268,311.31287
86340,311.22916
86418,311.35461
86491,311.36475
86570,311.38721
86644,311.38977
86721,311.41495
86798,311.43036
86875,311.3703
86955,311.40244
87032,311.43854
87112,311.57895
87185,311.4837
87261,311.47064
87341,311.54083
87417,311.57346
87492,311.58044
87567,311.4277
87648,311.51743
87728,311.58862
87808,311.65521
87886,311.74234
87961,311.58975
88037,311.54837
88114,311.59637
88190,311.69366
88265,311.71268
88341,311.66623
88420,311.75455
88497,311.78552
88570,311.68454
88646,311.63763
88723,311.73059
88802,311.87286
88880,311.86288
88954,311.76373
89033,311.79623
89108,311.75067
89188,311.90823
89263,311.87006
89337,311.78268
89417,311.82294
89497,311.95551
89575,311.97675
89649,311.93481
89721,311.82095
89797,311.79251
89878,311.95743
89955,312.03665
90031,312.01474
90109,312.04898
90187,312.00092
90262,312.00937
90338,311.93582
90416,312.00992
90493,312.03308
90572,312.16376
90648,312.17368
90725,312.00452
90801,311.98486
90876,312.05206
90956,312.19687
91034,312.21548
91109,312.13623
91188,312.14932
91269,312.19012
91345,312.24826
91421,312.21375
91498,312.14517
91576,312.16092
91653,312.27417
91731,312.25949
91811,312.32397
91887,312.22742
91965,312.27463
92041,312.27753
92116,312.2135
92196,312.3179
92274,312.37927
92356,312.50726
92435,312.43008
92507,312.25372
92585,312.27777
92666,312.36621
92744,312.51566
92822,312.43246
92906,312.39194
92989,312.38483
93066,312.44589
93144,312.45554
93221,312.48315
93300,312.46014
93379,312.53101
93459,312.60034
93538,312.55096
93614,312.47748
93691,312.42865
93772,312.56909
93847,312.55063
93924,312.50732
94006,312.56665
94085,312.67197
94165,312.69189
94239,312.58023
94317,312.51233
94393,312.54553
94476,312.69153
94556,312.78055
94634,312.76535
94710,312.61349
94788,312.58713
94877,312.68628
94968,312.6615
95062,312.72714
95140,312.71533
95222,312.81757
95300,312.77808
95379,312.69427
95457,312.73746
95535,312.81116
95616,312.87762
95694,312.82486
95773,312.83951
95854,312.84378
95933,312.82837
96012,312.86237
96089,312.85471
96166,312.72919
96246,312.85492
96329,313.00272
96409,313.01355
96485,312.92273
96561,312.806
96641,312.90359
96721,312.9483
96801,312.96649
96878,312.91528
96964,313.14261
97042,313.0033
97123,312.92593
97204,312.91211
97287,312.94507
97373,313.07657
97457,313.15128
97539,313.11185
97613,312.94864
97695,313.00131
97775,313.11127
97855,313.103
97934,313.07529
98013,313.04306
98097,313.15884
98182,313.20755
98256,313.13864
98337,313.08438
98415,313.05283
98496,313.15701
98575,313.11642
98658,313.24631
98737,313.23965
98817,313.21594
98898,313.23187
98975,313.14972
99055,313.1322
99137,313.24164
99219,313.34192
99299,313.35995
99379,313.25671
99461,313.12918
99543,313.2178
99624,313.31851
99705,313.36841
99782,313.3349
99865,313.2934
99944,313.29736
100025,313.3262
100103,313.36734
100183,313.29428
100264,313.3313
100344,313.39719
100426,313.46313
100508,313.40811
100585,313.36569
100669,313.42474
100746,313.38055
100826,313.36066
100904,313.34778
100992,313.53021
101075,313.56042
101160,313.4888
101238,313.40042
101316,313.32361
101399,313.4563
101482,313.57913
101565,313.6109
101644,313.54318
101723,313.40289
101806,313.5065
101886,313.54578
101965,313.51221
102048,313.54849
102129,313.5766
102209,313.5799
102291,313.63928
102372,313.51617
102452,313.50961
102532,313.55823
102611,313.63742
102693,313.63638
102775,313.58575
102859,313.65646
102948,313.71317
103030,313.65817
103106,313.54309
103186,313.53424
103273,313.67487
103361,313.8002
103439,313.75967
103521,313.6561
103598,313.58063
103682,313.63525
103763,313.73746
103846,313.75925
103928,313.79874
104010,313.77838
104089,313.71143
104172,313.72705
104250,313.63052
104332,313.72464
104415,313.84842
104498,313.87604
104578,313.78357
104661,313.70422
104759,313.80191
104840,313.82932
104921,313.77597
104998,313.73914
105083,313.80792
105171,313.90994
105252,313.95724
105329,313.87323
105411,313.76474
105491,313.76767
105572,313.87039
105657,313.93344
105739,313.88907
105822,313.93219
105905,313.9787
105985,313.87292
106067,313.8345
106147,313.81317
106236,314.01672
106320,314.07666
106400,314.03793
106480,313.88089
106563,313.81989
106645,313.92758
106729,314.01233
106810,314.00748
106895,313.97189
106980,313.95816
107066,314.03006
107149,314.04468
107228,314.00336
107308,313.90463
107390,313.97144
107478,314.09042
107561,314.13293
107644,314.06149
107726,314.06979
107811,314.04016
107892,314.01086
107972,314.0401
108059,314.03586
108146,314.14319
108234,314.1734
108316,314.11935
108397,313.98932
108479,313.95166
108566,314.1123
108653,314.26529
108735,314.17786
108817,314.11102
108901,314.09042
108987,314.08713
109067,314.12027
109147,314.03943
109233,314.16351
109319,314.16245
109402,314.20013
109487,314.20178
109567,314.0856
109658,314.16684
109744,314.17926
109825,314.21527
109911,314.14581
109999,314.20645
110088,314.30594
110177,314.29276
110257,314.15561
110338,314.05377
110424,314.1492
110511,314.33203
110596,314.35236
110679,314.26514
110765,314.21835
110846,314.15091
110931,314.25372
111014,314.30072
111101,314.29907
111185,314.30417
111274,314.32425
111358,314.32178
111443,314.20984
111522,314.17844
111609,314.25381
111701,314.39261
111787,314.33337
111869,314.27533
111956,314.29782
112041,314.35855
112127,314.37814
112208,314.23621
112295,314.31427
112380,314.30264
112468,314.44293
112553,314.47299
112639,314.32709
112722,314.27914
112804,314.25827
112890,314.38925
112980,314.43884
113065,314.39557
113149,314.44748
113238,314.40552
113319,314.34238
113403,314.27838
113491,314.34683
113579,314.49292
113667,314.51645
113752,314.40527
113838,314.33322
113925,314.45215
114011,314.41455
114096,314.42618
114178,314.39825
114269,314.42178
114353,314.42029
114447,314.58453
114531,314.50681
114613,314.3486
114698,314.38092
114786,314.457
114873,314.53952
114962,314.48837
115051,314.51163
115135,314.48398
115223,314.46729
115306,314.37546
115392,314.40491
115482,314.54929
115582,314.625
115675,314.57709
115760,314.47363
115846,314.38278
115935,314.42801
116021,314.55502
116110,314.60333
116196,314.54623
116284,314.50513
116373,314.51602
116462,314.55783
116546,314.49823
116631,314.46613
116722,314.50848
116810,314.56628
116900,314.58914
116989,314.57751
117074,314.52673
117164,314.5054
117249,314.54083
117336,314.49213
117428,314.56833
117518,314.58185
117607,314.66568
117697,314.62582
117797,314.48877
117893,314.44522
117980,314.57251
118071,314.69708
118160,314.66602
118249,314.59491
118339,314.55472
118426,314.50397
118520,314.56641
118614,314.60757
118706,314.58051
118797,314.64175
118889,314.70224
118976,314.64749
119064,314.56461
119155,314.5387
119244,314.66745
119335,314.66708
119424,314.58844
119515,314.61426
119605,314.60187
119697,314.65436
119784,314.6438
119872,314.52982
119963,314.55722
120055,314.66367
120149,314.80194
120240,314.78851
120329,314.59985
120417,314.52933
120511,314.64017
120599,314.63998
120691,314.70273
120780,314.66068
120877,314.7189
120970,314.70309
121057,314.58124
121152,314.59796
121247,314.63412
121341,314.76019
121433,314.7489
121527,314.70969
121623,314.64594
121717,314.65009
121810,314.70569
121898,314.69568
121989,314.60306
122082,314.6091
122177,314.74072
122272,314.76425
122365,314.70731
122453,314.55713
122547,314.61761
122641,314.71368
122736,314.73108
122829,314.74487
122925,314.74991
123018,314.71204
123111,314.64102
123206,314.57312
123298,314.61005
123394,314.73004
123488,314.81708
123581,314.78751
123672,314.58994
123767,314.612
123863,314.74829
123957,314.73752
124052,314.76535
124144,314.64417
124241,314.72992
124338,314.76535
124433,314.73297
124524,314.65475
124618,314.60843
124710,314.68622
124809,314.72961
124910,314.77274
125008,314.75027
125100,314.64676
125194,314.7132
125290,314.68683
125382,314.63507
125480,314.6965
125581,314.79697
125678,314.8284
125772,314.74124
125868,314.54681
125978,314.57523
126079,314.68521
126173,314.82269
126276,314.82126
126369,314.64999
126466,314.63483
126565,314.70798
126662,314.73132
126758,314.69293
126854,314.65918
126954,314.7291
127054,314.76132
127152,314.69635
127249,314.66254
127345,314.66278
127443,314.66931
127539,314.70145
127644,314.67447
127750,314.71979
127849,314.73355
127947,314.71234
128042,314.63824
128137,314.52661
128239,314.6586
128342,314.78864
128444,314.80887
128543,314.71054
128646,314.58463
128748,314.60837
128848,314.61362
128945,314.63916
129047,314.70502
129148,314.66125
129249,314.7077
129349,314.68063
129449,314.58801
129550,314.59521
129652,314.66116
129753,314.71649
129855,314.70355
129956,314.57413
130057,314.61118
130162,314.66556
130264,314.68628
130361,314.55362
130460,314.49774
130566,314.65759
130671,314.72812
130771,314.71201
130874,314.58301
130975,314.49271
131075,314.54047
131178,314.59543
131280,314.6427
131385,314.62091
131491,314.63843
131593,314.59573
131696,314.54129
131796,314.4838
131901,314.52792
132006,314.60907
132110,314.63885
132216,314.59366
132319,314.45596
132424,314.535
132527,314.54895
132632,314.52054
132737,314.50958
132842,314.49576
132950,314.54568
133058,314.56033
133162,314.52667
133263,314.38312
133372,314.4895
133478,314.46487
133583,314.54285
133692,314.48776
133800,314.50104
133906,314.47159
134015,314.45795
134119,314.35605
134226,314.33875
134335,314.51419
134445,314.52905
134552,314.50781
134657,314.3858
134763,314.29297
134871,314.34375
134980,314.436
135088,314.48212
135195,314.33829
135305,314.32935
135418,314.39731
135527,314.32645
135635,314.29584
135741,314.26239
135854,314.33023
135965,314.3949
136073,314.35733
136185,314.30392
136295,314.30478
136404,314.24081
136511,314.246
136621,314.23615
136733,314.21848
136847,314.29459
136959,314.32278
137071,314.28687
137179,314.09378
137290,314.06384
137402,314.14514
137515,314.31229
137627,314.26114
137739,314.1933
137852,314.11453
137962,314.07797
138076,314.13895
138186,314.07953
138302,314.14679
138414,314.07947
138530,314.11261
138645,314.08542
138764,313.96542
138882,314.00452
138995,314.00903
139109,314.02884
139220,313.96707
139339,313.96503
139459,314.01416
139574,313.99493
139686,313.92197
139797,313.7674
139920,313.80719
140041,313.91681
140160,313.98581
140273,313.87579
140391,313.81909
140504,313.6843
140619,313.71509
140737,313.83444
140854,313.78778
140973,313.78284
141092,313.73895
141211,313.76862
141326,313.62073
141443,313.53885
141564,313.61929
141683,313.71603
141800,313.63678
141915,313.53931
142038,313.51898
142157,313.51328
142276,313.58176
142390,313.44287
142510,313.45682
142630,313.40604
142753,313.49457
142878,313.52518
142994,313.37814
143111,313.23749
143228,313.17682
143349,313.2879
143470,313.32849
143592,313.26236
143714,313.254
143839,313.24512
143957,313.1434
144074,313.03516
144202,313.04138
144333,313.1283
144454,313.14389
144575,313.0593
144699,312.95828
144830,312.80359
144953,312.89798
145076,312.96854
145196,312.86597
145318,312.80188
145441,312.75821
145569,312.87741
145692,312.75378
145811,312.6149
145936,312.59079
146062,312.698
146186,312.5817
146312,312.57739
146440,312.54041
146567,312.46646
146692,312.40411
146811,312.31967
146936,312.29831
147062,312.2735
147190,312.34866
147319,312.37888
147443,312.17374
147567,312.00644
147694,311.96814
147824,312.12665
147950,312.10007
148074,311.95462
148201,311.85208
148330,311.82932
148457,311.79984
148583,311.75262
148705,311.68143
148833,311.64221
148965,311.63229
149092,311.61859
149226,311.59943
149349,311.33142
149476,311.30518
149603,311.35196
149729,311.27029
149860,311.21399
149987,311.13232
150122,311.25311
150251,311.10471
150378,310.86969
150502,310.78268
150633,310.7941
150767,310.88007
150897,310.84946
151025,310.73767
151156,310.53577
151287,310.39926
151421,310.43268
151555,310.41797
151684,310.31091
151819,310.25308
151954,310.26749
152088,310.09705
152217,309.92426
152346,309.85251
152477,309.91513
152608,309.86264
152739,309.71579
152873,309.64493
153010,309.517
153143,309.47873
153272,309.36243
153398,309.21591
153531,309.13263
153668,309.1474
153804,309.16321
153940,309.0433
154070,308.76733
154202,308.63797
154335,308.61084
154466,308.55753
154602,308.50638
154734,308.3736
154872,308.33221
155007,308.16605
155138,307.94034
155270,307.83591
155402,307.80048
155540,307.86804
155675,307.70682
155811,307.54059
155948,307.28409
156085,307.15112
156218,307.1864
156350,307.06232
156483,306.88226
156620,306.77527
156760,306.70941
156902,306.59793
157043,306.42953
157172,306.14645
157306,306.04825
157441,306.0278
157580,305.9761
157721,305.80838
157863,305.59366
158002,305.41623
158139,305.2587
158273,305.09552
158406,304.8959
158551,305.00021
158693,304.80127
158836,304.5759
158970,304.2402
159109,304.07608
159247,304.00278
159385,303.96124
159524,303.80298
159666,303.50766
159812,303.36081
159956,303.06543
160097,302.95435
160231,302.77945
160372,302.53946
160523,302.43454
160669,302.28561
160815,302.0563
160959,301.73761
161104,301.54126
161249,301.38028
161385,301.0755
161521,300.90717
161668,300.77664
161822,300.60809
161974,300.34351
162122,299.98853
162261,299.65109
162406,299.44543
162553,299.31744
162699,299.18091
162849,298.89304
163001,298.45987
163151,298.13223
163300,297.92337
163445,297.72318
163594,297.43491
163743,297.1225
163897,296.87418
164056,296.55487
164209,296.1366
164361,295.77103
164511,295.51468
164657,295.2771
164808,294.99179
164966,294.57474
165128,294.17007
165291,293.83444
165444,293.51764
165595,293.11862
165749,292.65979
165905,292.34314
166067,292.03085
166231,291.6799
166393,291.17163
166553,290.57996
166711,290.22818
166867,289.81952
167028,289.47473
167189,289.03186
167357,288.47922
167526,288.0029
167691,287.44678
167848,286.94324
168012,286.42737
168176,285.97186
168339,285.51291
168511,284.98431
168686,284.15186
168856,283.52322
169019,283.02695
169183,282.58163
169346,281.89188
169510,281.14151
169689,280.54471
169869,279.82709
170042,279.16583
170206,278.42191
170378,277.59775
170551,276.85941
170732,276.13904
170911,275.26691
171097,274.22302
174727,163.69171
