Engineering_Stress,Micro_Strain
-0.0036,1
0.1875,-1
3.599,57
6.0416,95
7.9899,130
10.188,162
12.353,200
14.4524,235
16.673,270
18.8219,311
21.0418,348
23.2143,383
25.3594,414
27.429,449
29.6532,486
31.9693,522
34.2469,563
36.424,592
38.6414,628
40.8414,664
43.1199,694
45.3816,730
47.6565,761
49.9414,797
52.266,828
54.6681,865
56.9078,897
59.0397,927
61.2649,959
63.7105,994
66.1045,1032
68.4191,1064
70.5947,1092
73.0907,1128
75.4709,1164
77.6493,1192
79.8667,1220
82.1578,1255
84.521,1289
86.8382,1321
89.1398,1349
91.4104,1381
93.6679,1416
95.8227,1445
98.2425,1480
100.5928,1514
102.8908,1546
105.0955,1579
107.4967,1613
109.836,1644
111.9892,1676
114.0513,1702
116.4313,1739
118.9012,1773
121.0673,1801
123.2294,1835
125.4319,1864
127.8278,1898
129.9347,1927
131.8988,1956
133.8743,1985
136.0362,2016
138.0426,2044
139.2854,2063
140.8543,2085
142.6918,2111
144.5256,2137
146.5198,2165
148.7162,2195
150.7177,2225
152.5337,2251
154.5503,2282
156.5888,2309
158.437,2336
160.145,2361
162.092,2389
164.26,2419
166.1584,2449
167.8872,2473
169.7452,2500
171.6918,2528
173.5266,2558
175.2402,2583
177.1272,2610
179.1091,2641
180.9328,2669
182.7337,2697
184.6142,2727
186.3486,2750
187.9973,2779
189.8293,2805
191.8164,2837
193.5534,2864
195.1929,2892
196.8457,2919
198.7189,2949
200.3707,2979
201.8611,3002
203.5871,3041
205.3959,3076
207.1275,3109
208.6194,3138
210.1404,3168
211.6584,3198
213.2673,3229
214.6835,3260
216.2587,3292
217.759,3326
219.1922,3360
220.5182,3393
222.0887,3430
223.3285,3464
224.5345,3499
225.8631,3537
227.2806,3577
228.6107,3621
229.7681,3659
230.8302,3698
231.9655,3740
233.2138,3783
234.2122,3822
235.1882,3864
236.2873,3912
237.3806,3957
238.3272,4002
239.1337,4050
239.9109,4096
240.8972,4147
241.7531,4197
242.5769,4249
243.2927,4303
244.012,4354
244.7786,4409
245.351,4461
246.0461,4512
246.6561,4569
247.2345,4622
247.8466,4685
248.5386,4745
249.0463,4801
249.4505,4858
249.8261,4915
250.4686,4975
251.0327,5034
251.3918,5092
251.7048,5155
252.2444,5220
252.7448,5284
252.9556,5343
253.2325,5401
253.6828,5467
254.1355,5528
254.4514,5591
254.749,5656
255.0448,5721
255.3844,5790
255.5507,5849
255.8758,5912
256.2131,5977
256.4667,6042
256.6613,6108
256.9721,6179
257.3536,6245
257.4144,6311
257.4328,6373
257.8098,6441
258.1422,6508
258.3167,6573
258.4219,6639
258.6094,6710
258.9849,6785
259.0325,6849
259.0554,6912
259.3192,6981
259.631,7050
259.7695,7119
259.8777,7189
260.0279,7259
260.1581,7329
260.2798,7396
260.3832,7464
260.6482,7533
260.7549,7600
260.8057,7667
261.0327,7743
261.2464,7819
261.2645,7886
261.2274,7952
261.3937,8021
261.6983,8093
261.8597,8163
261.8277,8234
261.8976,8307
262.1088,8382
262.1978,8449
262.2047,8516
262.2852,8589
262.4763,8660
262.6628,8732
262.666,8805
262.8556,8879
262.8774,8951
262.839,9017
262.9797,9087
263.1894,9159
263.3275,9234
263.3115,9302
263.3392,9378
263.5266,9452
263.65,9523
263.5567,9589
263.5915,9660
263.8222,9733
264.069,9809
264.0028,9881
263.9892,9954
264.1102,10026
264.2426,10100
264.2378,10165
264.3039,10237
264.4174,10311
264.5985,10386
264.6144,10461
264.6579,10533
264.7326,10604
264.7491,10674
264.754,10745
264.9362,10818
265.0935,10892
265.0948,10963
265.1125,11037
265.1846,11113
265.3456,11186
265.3347,11255
265.2759,11325
265.4047,11400
265.6916,11478
265.7182,11551
265.6851,11625
265.5417,11693
265.8101,11766
265.8813,11838
265.8427,11910
265.9599,11985
266.111,12059
266.1948,12133
266.1897,12206
266.2198,12278
266.2595,12350
266.3031,12422
266.3313,12495
266.5863,12570
266.6517,12644
266.5746,12716
266.5485,12789
266.7165,12863
266.8454,12935
266.77,13008
266.7379,13080
267.0369,13155
267.1885,13232
267.0674,13303
267.013,13375
267.1154,13449
267.2882,13525
267.2768,13595
267.3192,13666
267.4626,13741
267.5535,13817
267.5326,13889
267.5282,13963
267.5891,14036
267.6761,14107
267.6933,14181
267.8586,14254
268.0215,14329
267.962,14403
267.8391,14474
267.9988,14551
268.1458,14622
268.089,14693
268.1008,14763
268.2126,14836
268.4967,14914
268.4582,14989
268.3189,15058
268.3949,15148
268.5818,15225
268.586,15297
268.6504,15369
268.728,15445
268.7917,15520
268.7987,15594
268.7708,15667
268.9272,15737
268.9289,15810
268.9258,15881
269.0978,15955
269.3002,16033
269.2683,16110
269.1314,16183
269.1624,16267
269.3922,16340
269.4282,16414
269.3671,16483
269.5028,16560
269.6359,16640
269.7212,16715
269.5945,16787
269.6195,16867
269.794,16939
269.8328,17012
269.8891,17086
270.0103,17163
270.0378,17246
270.0194,17321
270.0621,17398
270.1413,17482
270.2111,17556
270.2093,17629
270.2721,17704
270.4568,17781
270.5047,17866
270.3698,17936
270.306,18007
270.6408,18083
270.7346,18158
270.6565,18228
270.6866,18301
270.8188,18376
270.9475,18451
270.8844,18521
270.8856,18593
270.9119,18667
271.0554,18738
271.174,18812
271.1579,18885
271.2404,18957
271.2505,19028
271.2458,19100
271.3573,19176
271.4824,19249
271.4826,19321
271.5008,19393
271.6203,19468
271.7886,19546
271.6483,19614
271.5682,19682
271.7268,19757
271.9108,19832
271.9747,19900
271.9058,19972
271.9573,20044
272.1532,20121
272.1404,20192
272.0499,20263
272.1261,20336
272.3065,20405
272.4285,20478
272.4169,20552
272.4784,20623
272.4711,20696
272.4426,20768
272.5053,20842
272.6291,20910
272.6999,20978
272.7161,21051
272.7908,21124
272.93,21199
272.9477,21271
272.8393,21339
272.8805,21412
273.128,21485
273.2673,21557
273.1747,21625
273.1371,21700
273.2544,21775
273.36,21846
273.2914,21916
273.3013,21983
273.4636,22053
273.6093,22128
273.6001,22198
273.6779,22272
273.7063,22347
273.6781,22413
273.6979,22481
273.7919,22553
274.0297,22628
273.9868,22700
273.9047,22787
274.0775,22862
274.1599,22932
274.0582,22998
274.034,23066
274.2385,23141
274.4423,23214
274.4007,23286
274.3035,23359
274.4643,23434
274.5439,23505
274.5315,23575
274.5189,23641
274.6919,23719
274.7743,23786
274.8055,23859
274.8232,23932
274.8529,24004
274.8958,24071
274.8423,24141
274.9951,24211
275.1916,24285
275.1808,24357
275.1218,24431
275.1859,24504
275.3596,24579
275.3372,24644
275.2189,24710
275.3515,24782
275.594,24858
275.6363,24930
275.5561,24998
275.5429,25069
275.6558,25139
275.7827,25211
275.6906,25275
275.8413,25351
275.9637,25427
275.9761,25497
276.0207,25568
276.0249,25637
276.0752,25706
276.0522,25773
276.1108,25846
276.3554,25920
276.4179,25992
276.3306,26064
276.3179,26131
276.4095,26202
276.5714,26273
276.464,26340
276.5461,26412
276.652,26486
276.8428,26559
276.7747,26628
276.756,26700
276.7719,26769
276.8974,26839
276.926,26909
276.9686,26989
277.0879,27073
277.1703,27146
277.1881,27216
277.1749,27285
277.2229,27356
277.2331,27424
277.2791,27497
277.4387,27570
277.5672,27640
277.5502,27708
277.4681,27778
277.5116,27849
277.7042,27918
277.7079,27986
277.7083,28058
277.7529,28128
277.9772,28202
278.065,28272
277.8716,28339
277.8861,28409
278.0387,28481
278.1592,28552
278.1701,28621
278.1855,28692
278.3075,28763
278.3641,28834
278.2853,28902
278.3819,28971
278.4296,29041
278.471,29114
278.5347,29184
278.6701,29255
278.783,29328
278.6908,29396
278.585,29464
278.7791,29538
278.9356,29609
278.8359,29671
278.9029,29744
279.0232,29818
279.1764,29890
279.0456,29956
279.0078,30022
279.1528,30098
279.2996,30169
279.3117,30235
279.3477,30308
279.4596,30378
279.4678,30448
279.4341,30517
279.4823,30590
279.6037,30657
279.6105,30729
279.5882,30797
279.79,30872
279.942,30943
279.8001,31010
279.7101,31078
279.8733,31149
280.0762,31221
280.0567,31292
279.9177,31361
280.0088,31434
280.1876,31510
280.13,31578
280.0466,31649
280.1246,31724
280.2842,31796
280.3442,31867
280.346,31937
280.4785,32014
280.458,32086
280.3882,32158
280.4964,32232
280.6385,32304
280.6504,32375
280.6413,32445
280.728,32519
280.9871,32596
280.8891,32669
280.7294,32738
280.8336,32812
281.0282,32886
281.1491,32956
281.0558,33025
281.1075,33101
281.2639,33175
281.2885,33249
281.1854,33316
281.2503,33389
281.4405,33463
281.5329,33538
281.511,33605
281.5762,33681
281.6145,33754
281.541,33823
281.5728,33893
281.7301,33964
281.8724,34036
281.7557,34144
281.8734,34235
281.9847,34312
282.0461,34383
281.8921,34449
281.9137,34519
282.1153,34594
282.3227,34667
282.2322,34736
282.2495,34808
282.2583,34880
282.4249,34953
282.2819,35018
282.3217,35087
282.4577,35157
282.5602,35231
282.6013,35302
282.6512,35373
282.7036,35441
282.6582,35512
282.6791,35581
282.7841,35653
282.9527,35723
282.9164,35793
282.9288,35865
282.9644,35935
283.0817,36007
283.0676,36073
282.9867,36140
283.0635,36211
283.3026,36282
283.3792,36354
283.2588,36422
283.3003,36493
283.3989,36562
283.4398,36632
283.3889,36698
283.4899,36769
283.6098,36842
283.6773,36908
283.6698,36981
283.6918,37061
283.7195,37125
283.6826,37194
283.7592,37264
283.9387,37335
283.998,37403
283.9861,37472
283.9089,37538
284.1046,37611
284.1612,37678
284.0306,37745
284.059,37813
284.2901,37887
284.4696,37958
284.3838,38026
284.2439,38091
284.3637,38161
284.4937,38231
284.4312,38296
284.4856,38364
284.7039,38438
284.7089,38508
284.6874,38575
284.6815,38648
284.8075,38715
284.7422,38783
284.7239,38855
284.9456,38943
285.117,39044
284.9827,39118
284.9522,39186
285.0123,39257
285.1995,39326
285.115,39392
285.1021,39461
285.2412,39533
285.435,39606
285.4239,39673
285.2912,39742
285.3488,39810
285.482,39881
285.5013,39947
285.4998,40017
285.6293,40088
285.7303,40161
285.6667,40228
285.6597,40298
285.7403,40364
285.7592,40431
285.7575,40498
285.8748,40569
286.0956,40644
286.0655,40712
285.9176,40778
285.9568,40847
286.1494,40918
286.1492,40984
286.0932,41049
286.1742,41121
286.4085,41201
286.4565,41273
286.2818,41338
286.3203,41408
286.4105,41477
286.4783,41544
286.5219,41615
286.6827,41684
286.6143,41751
286.6658,41822
286.5906,41889
286.7252,41961
286.7702,42028
286.7399,42094
286.8343,42167
287.0215,42236
287.0808,42308
286.9428,42376
286.8821,42443
287.0154,42512
287.1583,42583
287.0851,42649
287.1726,42726
287.2007,42830
287.3793,42901
287.3187,42967
287.2306,43033
287.312,43103
287.4618,43177
287.5335,43243
287.542,43315
287.5919,43384
287.64,43455
287.6496,43526
287.6008,43592
287.6811,43662
287.721,43729
287.7929,43803
287.8679,43874
287.9536,43945
287.9289,44012
287.8735,44079
287.8503,44151
288.0916,44221
288.1881,44294
288.0984,44360
288.127,44430
288.2975,44503
288.2995,44572
288.1996,44651
288.1635,44720
288.3258,44791
288.4647,44860
288.4327,44930
288.5201,45002
288.5504,45073
288.5028,45141
288.4894,45210
288.6493,45279
288.7313,45349
288.7302,45420
288.6994,45491
288.8956,45563
288.9114,45632
288.7291,45696
288.7505,45767
288.9193,45839
289.1248,45910
289.0336,45978
289.0089,46049
289.1314,46122
289.22,46191
289.0988,46259
289.0836,46329
289.2758,46401
289.4254,46473
289.3785,46543
289.403,46616
289.4589,46685
289.3916,46753
289.336,46824
289.4854,46915
289.6355,46984
289.5787,47056
289.614,47129
289.7108,47198
289.854,47269
289.7017,47335
289.5963,47404
289.8132,47476
290.0479,47549
290.0014,47619
289.9144,47690
289.8983,47757
290.0276,47831
290.039,47900
289.9479,47966
290.1297,48037
290.2101,48109
290.2554,48178
290.3094,48251
290.3291,48322
290.2628,48392
290.246,48460
290.3328,48531
290.5741,48602
290.4967,48672
290.5837,48747
290.4579,48815
290.6124,48890
290.6176,48955
290.4759,49021
290.5981,49094
290.8134,49169
290.9034,49250
290.7258,49325
290.812,49401
290.8115,49471
290.8915,49542
290.8649,49609
290.9773,49681
291.0596,49755
291.0818,49825
291.088,49896
291.0814,49984
291.1113,50050
291.1494,50120
291.1281,50190
291.3153,50264
291.4333,50336
291.3353,50405
291.3429,50475
291.4019,50548
291.4811,50619
291.3716,50685
291.4479,50756
291.5546,50829
291.7151,50901
291.6818,50978
291.5738,51050
291.6131,51120
291.7173,51193
291.7335,51261
291.8056,51333
291.838,51404
291.9114,51475
291.9351,51547
291.9084,51615
291.9698,51687
291.9221,51755
291.9668,51822
292.0734,51895
292.2642,51970
292.2032,52039
292.1266,52107
292.0878,52194
292.2635,52274
292.2841,52343
292.207,52414
292.3666,52488
292.489,52563
292.5279,52630
292.3705,52698
292.3706,52770
292.4962,52841
292.5659,52910
292.5795,52981
292.6292,53053
292.7255,53126
292.7449,53197
292.6884,53266
292.7121,53336
292.7724,53406
292.7797,53475
292.8261,53549
292.9607,53620
293.0922,53690
292.8762,53760
292.8369,53830
292.9795,53900
293.1223,53969
293.0468,54038
293.0602,54108
293.2494,54185
293.3476,54258
293.2041,54328
293.1048,54396
293.238,54464
293.3623,54539
293.3962,54606
293.4023,54679
293.4656,54747
293.4995,54823
293.3802,54887
293.478,54960
293.5865,55028
293.5358,55098
293.5989,55168
293.6766,55241
293.8354,55316
293.7369,55383
293.5651,55449
293.7169,55521
293.9046,55595
293.858,55662
293.8218,55731
293.8866,55806
294.0364,55879
293.988,55946
293.8184,56011
293.9906,56084
294.0992,56153
294.1048,56224
294.1203,56294
294.2545,56369
294.2339,56437
294.1397,56506
294.1584,56576
294.3225,56649
294.3111,56715
294.26,56785
294.4128,56858
294.5618,56932
294.43,57001
294.294,57067
294.4017,57137
294.6055,57210
294.6659,57282
294.5562,57350
294.6302,57424
294.705,57502
294.7081,57599
294.6591,57677
294.6489,57746
294.7754,57816
294.8608,57891
294.8415,57960
294.9097,58032
294.9019,58102
294.8416,58171
294.8563,58238
294.9882,58310
295.1095,58379
295.0506,58453
295.0612,58525
295.1704,58597
295.2383,58668
295.0721,58735
295.1373,58804
295.1483,58877
295.3505,58948
295.3202,59018
295.2809,59087
295.335,59158
295.3972,59230
295.3723,59298
295.3788,59366
295.4715,59441
295.5747,59510
295.6315,59585
295.5901,59655
295.5692,59727
295.5871,59797
295.5468,59869
295.6341,59949
295.7795,60028
295.768,60099
295.7577,60171
295.7754,60243
295.914,60318
295.8694,60387
295.7214,60456
295.8722,60530
296.0569,60608
296.103,60685
296.0031,60756
295.93,60827
296.0374,60898
296.0768,60966
296.0272,61034
296.1001,61108
296.1907,61178
296.2603,61249
296.2661,61323
296.2599,61395
296.2514,61463
296.2147,61533
296.2718,61604
296.4929,61679
296.51,61750
296.3845,61820
296.3824,61893
296.4605,61964
296.547,62035
296.3891,62102
296.4614,62193
296.6683,62271
296.7495,62345
296.6537,62420
296.6111,62491
296.6554,62560
296.7422,62631
296.7265,62701
296.7293,62772
296.875,62846
296.8841,62916
296.8669,62989
296.8858,63061
296.9173,63133
296.8214,63200
296.9388,63271
297.0184,63344
297.1565,63419
297.0518,63488
296.9876,63561
297.1021,63631
297.2094,63706
297.0956,63771
297.0598,63843
297.2639,63917
297.3734,63993
297.2939,64059
297.2878,64133
297.197,64202
297.3344,64273
297.3222,64343
297.385,64416
297.4802,64488
297.5023,64562
297.4904,64633
297.4506,64703
297.5618,64774
297.4901,64842
297.4745,64912
297.5988,64986
297.7735,65060
297.7755,65131
297.6036,65198
297.6274,65273
297.7742,65346
297.8065,65415
297.7337,65484
297.831,65558
297.89,65631
297.9889,65704
297.8537,65774
297.8218,65843
297.9081,65915
297.997,65988
297.996,66058
298.0909,66131
298.1098,66204
298.0608,66276
298.0572,66345
298.0826,66416
298.1542,66488
298.0886,66558
298.1967,66633
298.2899,66705
298.3662,66778
298.1804,66846
298.1864,66918
298.2999,66991
298.4095,67062
298.382,67132
298.3615,67206
298.4706,67277
298.5641,67353
298.4888,67422
298.3951,67491
298.4503,67566
298.5506,67638
298.596,67707
298.6398,67780
298.6554,67853
298.6038,67924
298.5682,67992
298.6475,68065
298.7586,68137
298.6999,68208
298.7697,68279
298.8233,68356
298.9597,68430
298.8797,68498
298.7115,68566
298.8138,68640
298.9445,68712
299.0036,68785
298.9212,68856
298.9117,68930
299.0435,69001
299.1199,69074
298.961,69144
298.995,69219
299.076,69296
299.1887,69371
299.1871,69445
299.1791,69520
299.2347,69597
299.1635,69669
299.1506,69741
299.2404,69816
299.3536,69888
299.2491,69959
299.3177,70032
299.4196,70104
299.4379,70176
299.2922,70243
299.2698,70316
299.4948,70389
299.6082,70462
299.4907,70533
299.4676,70606
299.5843,70680
299.5634,70750
299.5398,70820
299.4915,70889
299.5771,70963
299.7049,71036
299.6528,71106
299.7172,71180
299.7834,71254
299.6607,71328
299.6517,71405
299.7879,71482
299.9456,71554
299.8354,71625
299.765,71699
299.8934,71773
299.9872,71847
299.8583,71914
299.7804,71985
299.9138,72057
300.1344,72133
300.0638,72203
299.9284,72273
300.0836,72347
300.091,72419
300.0392,72489
300.0424,72559
300.1352,72633
300.1998,72707
300.2286,72782
300.2205,72853
300.2627,72934
300.1943,73022
300.1324,73092
300.237,73164
300.3878,73240
300.4021,73312
300.3065,73381
300.3662,73457
300.4578,73532
300.446,73602
300.269,73668
300.421,73757
300.588,73836
300.6093,73912
300.527,73981
300.44,74056
300.5391,74132
300.5958,74205
300.5173,74277
300.6354,74350
300.6904,74425
300.6549,74497
300.7304,74577
300.723,74653
300.7217,74725
300.6303,74797
300.6881,74869
300.8595,74943
300.949,75018
300.7876,75089
300.8369,75165
300.7959,75238
300.9289,75311
300.8296,75381
300.8136,75451
300.9676,75528
301.0598,75602
301.0311,75674
300.9512,75744
300.9394,75816
301.0777,75891
301.0978,75962
301.0565,76037
301.1354,76109
301.1228,76181
301.2054,76256
301.1059,76328
301.1578,76401
301.1314,76468
301.1786,76543
301.2341,76617
301.3741,76694
301.3559,76766
301.2029,76837
301.244,76913
301.3893,76983
301.3764,77053
301.2872,77124
301.3284,77199
301.5392,77273
301.5786,77346
301.3679,77417
301.3716,77490
301.5105,77563
301.528,77634
301.5258,77707
301.5717,77780
301.6146,77856
301.6512,77930
301.5089,77999
301.6394,78083
301.6282,78161
301.5485,78232
301.6404,78307
301.8086,78383
301.8774,78456
301.6897,78526
301.6173,78599
301.7972,78674
301.8428,78744
301.7152,78814
301.8137,78890
301.8895,78963
302.0162,79038
301.8456,79109
301.7758,79178
301.8813,79253
301.9605,79326
301.9681,79398
301.9727,79471
302.1089,79546
302.0136,79619
301.9314,79688
302.1096,79764
302.0931,79836
302.0246,79907
302.0778,79982
302.216,80059
302.2632,80134
302.133,80200
302.0138,80272
302.1381,80349
302.2788,80422
302.2534,80494
302.1409,80565
302.3226,80642
302.4029,80717
302.3134,80790
302.1955,80858
302.2368,80932
302.3798,81005
302.3828,81078
302.4205,81153
302.4846,81228
302.3814,81300
302.3233,81370
302.4026,81442
302.5025,81521
302.5135,81592
302.4192,81666
302.5443,81742
302.6718,81818
302.6219,81891
302.4009,81959
302.5101,82036
302.613,82111
302.7021,82181
302.6006,82254
302.6271,82331
302.6595,82404
302.6862,82476
302.598,82544
302.6036,82618
302.7546,82692
302.7897,82765
302.8379,82839
302.8614,82919
302.821,82987
302.7259,83060
302.7674,83133
302.8228,83208
302.8955,83279
302.8053,83349
302.8946,83427
302.9302,83511
303.0034,83589
302.8716,83663
302.8028,83738
303.0082,83812
303.1213,83888
303.0779,83959
303.0029,84036
303.0284,84109
303.1083,84185
303.065,84258
302.9605,84327
303.0564,84401
303.1674,84475
303.1824,84550
303.211,84626
303.1618,84700
303.125,84768
303.1352,84843
303.1731,84919
303.3326,85000
303.2927,85075
303.217,85152
303.2956,85229
303.3614,85304
303.2992,85375
303.1494,85447
303.2179,85521
303.3821,85595
303.4785,85673
303.3459,85745
303.3311,85823
303.4381,85904
303.457,85979
303.3716,86049
303.4237,86125
303.5361,86198
303.5921,86276
303.5123,86347
303.5187,86422
303.5199,86495
303.3866,86568
303.5005,86640
303.6499,86715
303.7014,86792
303.5925,86864
303.5567,86938
303.6603,87014
303.7252,87090
303.5013,87158
303.5585,87233
303.7729,87311
303.8992,87387
303.7451,87460
303.6162,87535
303.715,87610
303.785,87684
303.6808,87758
303.7383,87832
303.853,87910
303.8661,87982
303.8544,88059
303.8156,88134
303.9153,88208
303.7848,88280
303.789,88356
303.9636,88432
304.0586,88510
303.9518,88585
303.8269,88655
303.8975,88730
304.0311,88807
303.9276,88878
303.8601,88949
304.0477,89025
304.1813,89104
304.1451,89178
304.008,89249
304.0059,89326
304.0656,89399
304.0893,89471
304.0623,89546
304.1743,89623
304.1976,89699
304.1704,89771
304.136,89844
304.146,89917
304.1541,89991
304.111,90065
304.2319,90140
304.3694,90220
304.3641,90291
304.1255,90362
304.1919,90440
304.31,90514
304.3319,90586
304.2348,90658
304.2576,90734
304.4467,90814
304.4887,90889
304.3253,90960
304.2441,91034
304.3384,91110
304.4156,91181
304.4405,91257
304.4633,91330
304.4927,91406
304.4934,91483
304.4192,91556
304.4268,91634
304.4346,91708
304.4108,91779
304.5184,91857
304.5912,91934
304.6801,92009
304.5419,92081
304.4296,92155
304.5274,92230
304.64,92307
304.587,92379
304.6159,92456
304.604,92533
304.7509,92610
304.666,92685
304.5068,92754
304.6011,92828
304.7059,92905
304.741,92982
304.7016,93055
304.7917,93133
304.7845,93208
304.7156,93282
304.6601,93353
304.7399,93428
304.778,93506
304.7512,93580
304.868,93659
304.9493,93760
304.8748,93831
304.667,93902
304.7683,93977
304.9166,94056
304.9728,94132
304.8419,94203
304.8981,94282
305.016,94360
304.9725,94435
304.8369,94507
304.8245,94581
304.9856,94659
305.0092,94734
304.981,94810
305.0448,94887
305.0215,94962
304.9033,95034
304.9323,95109
305.0266,95186
305.1135,95259
305.0627,95335
305.0636,95413
305.2081,95491
305.1909,95567
304.9931,95639
304.9218,95711
305.1816,95788
305.2887,95869
305.1288,95940
305.0897,96016
305.2283,96096
305.2353,96174
305.119,96244
305.1157,96324
305.256,96399
305.2623,96475
305.3062,96551
305.2454,96628
305.3277,96706
305.2102,96779
305.1657,96853
305.256,96930
305.41,97009
305.3172,97084
305.2572,97160
305.3878,97236
305.4453,97315
305.2346,97384
305.1471,97458
305.3748,97536
305.5224,97615
305.4756,97692
305.3392,97764
305.4046,97842
305.4547,97919
305.4052,97992
305.3315,98065
305.4237,98140
305.5083,98219
305.5312,98295
305.55,98373
305.5388,98451
305.4599,98526
305.3867,98597
305.4894,98674
305.6611,98756
305.6174,98830
305.4988,98905
305.5855,98985
305.6139,99061
305.564,99134
305.4159,99208
305.5292,99285
305.7254,99365
305.7461,99444
305.6317,99519
305.5974,99593
305.6298,99672
305.6473,99747
305.6034,99821
305.6544,99898
305.7418,99975
305.7447,100053
305.7487,100130
305.7111,100207
305.6924,100283
305.6116,100356
305.703,100436
305.7699,100515
305.8887,100590
305.8024,100668
305.7021,100742
305.816,100821
305.8353,100929
305.7218,101002
305.7216,101082
305.9602,101160
305.9671,101239
305.9353,101316
305.7384,101389
305.7943,101467
305.8697,101545
305.8593,101622
305.8806,101698
305.9622,101779
305.9211,101853
305.9849,101932
305.9047,102009
305.9201,102086
305.91,102161
305.8542,102234
306.0132,102315
306.086,102395
306.0693,102471
305.9176,102547
305.9131,102627
306.0504,102704
305.9996,102777
305.9355,102853
306.0048,102932
306.1616,103014
306.1625,103092
306.0032,103166
305.9522,103241
306.0564,103318
306.1215,103398
306.0781,103475
306.1291,103553
306.2212,103633
306.1219,103710
306.0692,103785
306.0867,103861
306.1145,103938
306.0637,104013
306.1642,104093
306.2934,104211
306.3276,104292
306.1124,104369
306.0485,104446
306.2037,104526
306.2433,104603
306.169,104677
306.1763,104759
306.2958,104843
306.3634,104926
306.2084,105002
306.1238,105077
306.2497,105156
306.2763,105234
306.287,105313
306.2904,105391
306.3289,105471
306.3353,105549
306.2301,105623
306.2994,105702
306.335,105783
306.2883,105857
306.3034,105939
306.4222,106018
306.4981,106101
306.3734,106179
306.1947,106250
306.3116,106329
306.4423,106410
306.4048,106486
306.3634,106564
306.4095,106644
306.5071,106725
306.4855,106802
306.2708,106875
306.3392,106954
306.4505,107033
306.49,107112
306.4704,107193
306.486,107275
306.5164,107355
306.4286,107431
306.4174,107505
306.4701,107584
306.5484,107661
306.4597,107741
306.5697,107821
306.6482,107903
306.5554,107980
306.3923,108053
306.4085,108131
306.5888,108212
306.6584,108292
306.5142,108367
306.5992,108450
306.6299,108529
306.6143,108609
306.5189,108681
306.4951,108761
306.6042,108841
306.6548,108919
306.6801,109001
306.6657,109080
306.6242,109157
306.5175,109233
306.5885,109314
306.623,109392
306.7137,109470
306.6594,109549
306.6432,109630
306.7755,109711
306.7609,109789
306.59,109866
306.5314,109942
306.6703,110022
306.7984,110103
306.7411,110192
306.6695,110273
306.7104,110356
306.7403,110432
306.6959,110510
306.6581,110588
306.7744,110668
306.8132,110747
306.8657,110832
306.8044,110910
306.7955,110991
306.7284,111065
306.6568,111144
306.7742,111225
306.8424,111305
306.837,111384
306.7609,111461
306.8066,111543
306.8589,111625
306.8163,111702
306.6551,111776
306.801,111859
306.9331,111940
306.9696,112021
306.8538,112097
306.7542,112177
306.8863,112258
306.8792,112336
306.7798,112413
306.8051,112493
306.9364,112575
306.9589,112654
306.9258,112736
306.8811,112815
306.9143,112890
306.8186,112972
306.8725,113050
307.0542,113134
307.0561,113224
306.8832,113311
306.9135,113392
306.9745,113472
306.9978,113552
306.8308,113627
306.8439,113707
307.0473,113791
307.1239,113871
306.9807,113951
306.9048,114031
306.9925,114114
307.0668,114193
306.9241,114272
306.9558,114353
307.1154,114435
307.0667,114516
307.0485,114598
306.9722,114678
307.0091,114757
306.9489,114833
306.9615,114915
307.08,114997
307.1535,115080
307.0953,115159
306.9635,115237
307.0986,115321
307.1105,115400
307.0145,115476
307.0085,115560
307.1084,115643
307.2054,115726
307.1641,115807
306.9936,115883
307.0527,115964
307.0972,116045
307.0788,116125
307.1,116205
307.1673,116288
307.1916,116373
307.1371,116450
307.1334,116533
307.1459,116616
307.0874,116692
307.0303,116780
307.2107,116883
307.2737,116965
307.2223,117044
307.075,117125
307.0557,117207
307.2078,117289
307.1801,117369
307.0856,117449
307.1535,117531
307.2835,117614
307.3155,117698
307.1863,117778
307.0831,117861
307.1997,117944
307.1785,118024
307.1919,118103
307.1848,118187
307.3396,118272
307.2127,118353
307.2201,118436
307.1664,118517
307.2361,118599
307.1819,118681
307.2305,118763
307.3473,118847
307.3466,118933
307.1791,119013
307.1145,119091
307.2549,119177
307.3085,119258
307.2808,119340
307.2202,119421
307.3147,119507
307.3726,119590
307.3172,119689
307.1544,119766
307.2036,119849
307.3203,119935
307.3454,120017
307.282,120100
307.2921,120185
307.3702,120267
307.1997,120347
307.2737,120430
307.3088,120513
307.291,120595
307.2592,120678
307.3184,120763
307.4713,120850
307.3926,120931
307.1546,121010
307.2551,121095
307.4219,121178
307.3955,121263
307.3053,121344
307.3082,121428
307.4363,121515
307.4134,121596
307.1909,121675
307.2832,121761
307.4111,121844
307.4004,121929
307.3874,122013
307.4764,122099
307.3841,122182
307.3137,122265
307.2818,122347
307.3465,122435
307.4352,122538
307.3466,122623
307.3748,122709
307.5086,122795
307.4677,122880
307.2924,122956
307.2452,123041
307.4795,123133
307.5121,123216
307.3784,123297
307.3472,123381
307.4558,123471
307.4565,123552
307.3688,123636
307.3099,123714
307.4357,123802
307.4859,123889
307.4492,123972
307.4535,124057
307.4489,124143
307.3717,124227
307.3838,124310
307.4309,124396
307.5059,124480
307.4626,124565
307.3827,124652
307.5305,124740
307.5156,124826
307.3746,124907
307.3038,124990
307.4046,125075
307.5678,125164
307.5518,125245
307.4073,125331
307.4537,125422
307.5144,125506
307.4687,125591
307.4076,125673
307.4474,125760
307.5469,125853
307.5026,125946
307.4952,126030
307.5125,126120
307.4839,126203
307.3621,126284
307.4601,126373
307.5699,126463
307.5475,126547
307.4494,126632
307.5169,126723
307.5427,126808
307.5115,126893
307.333,126975
307.4578,127064
307.6083,127151
307.634,127239
307.539,127324
307.4699,127411
307.5074,127500
307.5083,127584
307.4577,127668
307.4583,127756
307.5309,127841
307.5147,127928
307.5855,128019
307.5073,128104
307.5148,128189
307.4125,128275
307.4321,128363
307.6016,128451
307.5998,128538
307.5361,128627
307.4812,128713
307.5128,128804
307.5964,128889
307.4542,128974
307.415,129059
307.5442,129150
307.6525,129241
307.611,129328
307.491,129416
307.4418,129532
307.5257,129630
307.5585,129721
307.4892,129813
307.5688,129903
307.5942,129997
307.5699,130089
307.5346,130179
307.5339,130265
307.4701,130354
307.4633,130441
307.5602,130531
307.6313,130622
307.5693,130707
307.5835,130799
307.4757,130890
307.5958,130976
307.57,131064
307.4787,131155
307.5148,131248
307.7054,131342
307.6974,131434
307.4702,131517
307.4552,131607
307.5643,131697
307.5305,131783
307.552,131873
307.5597,131966
307.6493,132056
307.6065,132147
307.5463,132237
307.5622,132325
307.5487,132416
307.5475,132506
307.5071,132597
307.6588,132689
307.7297,132781
307.5318,132869
307.4333,132961
307.5932,133052
307.6049,133144
307.4978,133228
307.5005,133320
307.6219,133425
307.6837,133522
307.56,133608
307.4152,133696
307.5536,133790
307.5462,133881
307.5653,133973
307.5773,134064
307.6448,134159
307.5736,134250
307.4861,134338
307.5171,134428
307.5557,134524
307.5044,134611
307.4775,134703
307.661,134799
307.6973,134890
307.5331,134982
307.4199,135070
307.549,135166
307.5992,135259
307.5629,135346
307.4667,135438
307.632,135537
307.648,135630
307.5495,135720
307.4443,135809
307.4903,135901
307.5836,135995
307.5518,136089
307.6004,136181
307.5868,136277
307.5915,136372
307.4338,136460
307.5224,136561
307.5453,136656
307.5362,136746
307.4892,136842
307.5305,136937
307.6199,137033
307.6547,137126
307.4037,137217
307.416,137311
307.5331,137406
307.6119,137498
307.5359,137593
307.4788,137687
307.5963,137786
307.5725,137881
307.4638,137971
307.3827,138065
307.5044,138160
307.5712,138254
307.5876,138353
307.5428,138446
307.5267,138540
307.4896,138638
307.4113,138731
307.4737,138826
307.5588,138920
307.4785,139014
307.5006,139113
307.5433,139210
307.5071,139305
307.4015,139397
307.3139,139491
307.4677,139590
307.6031,139687
307.5355,139780
307.4216,139875
307.5056,139975
307.4985,140071
307.4492,140165
307.3164,140259
307.4569,140355
307.5402,140454
307.4555,140551
307.4901,140655
307.4818,140760
307.4432,140853
307.3326,140949
307.417,141046
307.5421,141145
307.529,141244
307.3774,141341
307.4557,141443
307.5549,141542
307.4196,141637
307.2716,141734
307.3241,141831
307.5224,141931
307.5442,142031
307.3812,142129
307.3435,142228
307.425,142327
307.3777,142425
307.3098,142519
307.3553,142618
307.512,142723
307.4608,142825
307.4024,142922
307.4001,143025
307.3574,143124
307.2603,143221
307.274,143320
307.3925,143422
307.4525,143522
307.3468,143622
307.2729,143723
307.4012,143827
307.3996,143927
307.1982,144021
307.2716,144124
307.4391,144229
307.4284,144333
307.3707,144434
307.1912,144542
307.2932,144655
307.2849,144755
307.1926,144862
307.2498,144962
307.3564,145068
307.3291,145170
307.2962,145275
307.2702,145379
307.2156,145482
307.1759,145583
307.1223,145684
307.3539,145790
307.3433,145895
307.2737,145997
307.1331,146101
307.1497,146205
307.2485,146308
307.1732,146409
307.0601,146512
307.1931,146620
307.2985,146729
307.2393,146830
307.1361,146936
307.0666,147039
307.1511,147146
307.1231,147248
307.1318,147354
307.186,147465
307.1884,147572
307.111,147681
307.0694,147788
307.0486,147894
307.0169,147996
306.9955,148103
307.0812,148217
307.1898,148331
307.1392,148438
306.9415,148543
306.9367,148651
307.0407,148759
306.9873,148865
306.9023,148969
306.9499,149079
307.096,149190
307.0522,149303
306.8942,149406
306.7988,149515
306.8899,149623
306.8985,149731
306.96,149839
306.9157,149951
306.9481,150063
306.9162,150171
306.8018,150284
306.8561,150392
306.8063,150497
306.7344,150607
306.8489,150719
306.8732,150836
306.9023,150948
306.7315,151070
306.5945,151178
306.7089,151293
306.7676,151404
306.7057,151511
306.6494,151625
306.7245,151741
306.766,151856
306.5999,151965
306.611,152079
306.5266,152189
306.5903,152302
306.5875,152414
306.608,152530
306.5655,152646
306.5695,152760
306.4184,152873
306.4177,152985
306.463,153099
306.436,153213
306.3855,153327
306.4559,153448
306.4857,153562
306.3867,153677
306.202,153790
306.2189,153905
306.3477,154020
306.326,154134
306.2554,154254
306.2319,154371
306.2665,154490
306.2013,154606
306.0697,154720
306.0167,154841
306.1552,154965
306.1381,155082
306.0999,155203
306.0803,155321
306.0466,155441
305.8827,155556
305.8415,155672
305.9127,155791
305.9374,155908
305.8474,156028
305.8025,156149
305.9265,156274
305.8363,156390
305.6112,156506
305.5389,156625
305.7238,156749
305.7563,156867
305.6477,156989
305.5083,157106
305.5638,157233
305.5325,157354
305.4036,157470
305.3466,157589
305.4365,157710
305.436,157835
305.3622,157958
305.3638,158082
305.2929,158206
305.1292,158327
305.02,158445
305.1349,158568
305.181,158701
305.0614,158832
304.9689,158957
304.9955,159086
304.9608,159214
304.7988,159334
304.6449,159455
304.7837,159581
304.8732,159709
304.7342,159833
304.5965,159958
304.5,160085
304.5209,160211
304.4463,160331
304.3694,160455
304.361,160580
304.3725,160711
304.2658,160835
304.2834,160966
304.1462,161099
304.0162,161223
303.9066,161346
303.932,161475
304.0073,161602
303.9427,161730
303.7647,161860
303.6826,161994
303.6811,162122
303.5414,162247
303.3901,162369
303.3468,162500
303.4863,162634
303.4256,162764
303.2388,162892
303.0612,163024
303.0398,163153
302.9538,163281
302.9167,163421
302.8865,163555
302.8426,163689
302.7349,163821
302.5959,163955
302.485,164086
302.3941,164216
302.2229,164345
302.1848,164474
302.2667,164610
302.2112,164739
301.9881,164876
301.7992,165009
301.7646,165143
301.6918,165274
301.5201,165403
301.4519,165535
301.4636,165677
301.4102,165818
301.2181,165957
300.8966,166091
300.8571,166225
300.84,166357
300.711,166489
300.634,166624
300.5227,166762
300.4429,166900
300.253,167039
300.0889,167180
299.9636,167314
299.8243,167447
299.6861,167583
299.712,167726
299.5966,167868
299.3949,168009
299.0529,168152
298.8595,168287
298.973,168428
298.8076,168563
298.5428,168699
298.4656,168844
298.4431,168992
298.1818,169135
297.8772,169279
297.6164,169416
297.6476,169559
297.5412,169705
297.3333,169851
297.1803,169999
296.9578,170151
296.6297,170296
296.4423,170435
296.3673,170578
296.208,170718
295.9635,170864
295.7467,171011
295.6648,171170
295.4074,171340
294.9646,171483
294.7531,171631
294.7146,171777
294.5201,171924
294.2152,172070
293.9002,172222
293.721,172378
293.4765,172529
293.1004,172675
292.7873,172814
292.6503,172960
292.5193,173111
292.1755,173264
291.7754,173419
291.4807,173573
291.1392,173726
290.7529,173873
290.5986,174022
290.2726,174175
289.9215,174320
289.5629,174476
289.1934,174637
288.9307,174792
288.4447,174941
287.9406,175085
287.7446,175241
287.4635,175396
286.9768,175545
286.4483,175705
285.9738,175866
285.7009,176023
285.1873,176171
284.7086,176321
284.2537,176477
283.894,176633
283.3545,176791
282.8292,176954
282.277,177112
281.7082,177272
281.1628,177426
280.669,177584
280.2342,177744
279.5987,177904
278.881,178068
278.2671,178236
277.7293,178403
277.0562,178559
276.3225,178715
275.6587,178880
275.1547,179048
274.3961,179209
273.5558,179375
272.7829,179549
272.004,179727
271.2798,179889
270.4466,180057
269.5,180228
268.7253,180405
267.7726,180586
266.7435,180763
265.8235,180944
264.7753,181123
263.7298,181296
262.56,181480
261.5664,181673
259.9219,181885
258.3365,182087
256.5137,182310
165.4142,186215
149.8172,186564
