True Stress (Mpa),True Strain (microstrain)
-0.003600004,0.9999995
0.187499813,-1.0000005
3.599205143,56.99837556
6.042173952,94.99548779
7.990938687,129.9915507
10.18965046,161.9868794
12.3554706,199.9800027
14.45579631,234.9723918
16.67750171,269.9635566
18.82775361,310.9516495
21.04912255,347.939462
23.22319108,382.9266742
25.36989879,413.9143256
27.44131562,448.8992297
29.66761146,485.8819402
31.98598797,521.8638054
34.266181,562.841575
36.44556301,591.8248371
38.6656668,627.8028905
40.86851869,663.7796495
43.14982521,693.7592934
45.41472857,729.7336796
47.6927666,760.7105863
49.9812033,796.6825642
52.30927625,827.6573971
54.71538791,864.6261031
56.9588463,896.5979359
59.0944298,926.5706008
61.32365304,958.5404533
63.77382824,993.5063091
66.17271984,1031.467854
68.49189792,1063.434353
70.67178941,1091.404202
73.17314631,1127.364286
75.55874813,1163.323077
77.74185797,1191.290132
79.96413737,1219.256405
82.26090804,1254.213146
84.62994757,1288.169953
86.95291326,1320.128247
89.26004959,1348.090917
91.53663776,1380.047297
93.80053375,1414.998417
95.9611638,1443.956992
98.3878989,1478.905879
100.7450975,1512.855057
103.0498692,1544.806172
105.2614458,1577.75469
107.6700922,1611.700513
110.0165704,1642.650111
112.1768939,1674.597079
114.2454153,1700.553239
116.633774,1737.48969
119.1120118,1771.430091
121.2853422,1799.380144
123.4555259,1833.318444
125.6657051,1862.264908
128.0704172,1896.201074
130.1850842,1925.145717
132.1567941,1954.089523
134.1400405,1983.032491
136.310449,2013.970599
138.3247591,2041.913874
139.5727458,2060.874938
141.1479812,2082.829404
142.9930224,2108.77497
144.8344512,2134.719863
146.8370154,2162.659765
149.0426321,2192.594507
151.0530469,2222.528353
152.8770534,2248.470295
154.9029838,2279.400192
156.9503635,2306.338356
158.8071088,2333.275794
160.5231023,2358.217219
162.4792378,2386.150876
164.6573449,2416.078929
166.5653219,2446.006087
168.302385,2469.947168
170.169563,2496.880199
172.1258369,2524.809983
173.970481,2554.733887
175.6928454,2579.669789
177.589502,2606.599865
179.5821271,2637.518688
181.4157096,2665.444544
183.2265328,2693.369621
185.1176429,2723.288482
186.8610587,2746.225668
188.5197445,2775.145719
190.3617712,2801.073329
192.3605831,2832.983311
194.1077369,2859.906566
195.7573979,2887.826213
197.4202926,2914.747992
199.304922,2944.660229
200.9676043,2974.571572
202.467087,2997.502996
204.2062084,3036.385512
206.0276978,3071.278791
207.7714594,3104.177053
209.2740477,3133.086754
210.8061248,3162.992461
212.3352836,3192.897274
213.9559401,3223.797975
215.3833682,3254.69772
216.9706236,3286.593231
218.4832664,3320.481096
219.9286858,3354.367813
221.2664183,3387.256763
222.8504642,3424.130967
224.1021099,3458.014171
225.3201462,3492.892742
226.6619778,3530.759526
228.0935827,3570.617751
229.4384993,3614.459962
230.6088215,3652.322144
231.6838101,3691.179208
232.833051,3733.023589
234.0960478,3775.862451
235.107359,3814.714715
236.0969672,3856.553927
237.2116559,3904.368026
238.319915,3949.191667
239.2809855,3994.013299
240.1021915,4041.820826
240.893575,4087.634228
241.8962007,4138.424895
242.7677378,4188.217161
243.6076092,4239.998489
244.3395885,4293.768568
245.0744282,4344.548766
245.8578288,4399.308835
246.4455108,4451.079233
247.15626,4501.851443
247.7830717,4558.593805
248.3772179,4611.351357
249.0077613,4674.059545
249.7179157,4733.777973
250.2419713,4789.511954
250.6623305,4846.237996
251.0539953,4902.96082
251.7146813,4962.66558
252.2963986,5021.371785
252.671887,5079.07961
253.0023382,5141.758475
253.5611158,5206.423027
254.0803035,5270.088656
254.3071418,5328.776816
254.6002087,5386.466905
255.0696839,5452.110199
255.540361,5512.776685
255.8740378,5575.428373
256.1898603,5640.06489
256.5039113,5704.697229
256.8630757,5773.302372
257.045416,5831.961008
257.3885377,5894.592702
257.7444857,5959.208593
258.0162718,6023.820309
258.2289872,6089.42178
258.5599306,6159.988255
258.9607732,6225.580794
259.0389423,6291.169031
259.0734192,6352.778305
259.4703529,6420.345403
259.8221894,6486.914402
260.0146157,6551.492032
260.137563,6617.058897
260.3446691,6687.58815
260.7421125,6762.085479
260.8066136,6825.652145
260.8459909,6888.221636
261.1295073,6956.745634
261.4613986,7025.264937
261.6187991,7093.779545
261.7459608,7163.282322
261.9154425,7232.780269
262.0647987,7302.273386
262.2048294,7368.783704
262.3267002,7436.28219
262.6116629,7504.768645
262.7366372,7571.265496
262.8052973,7637.757926
263.0538762,7713.176824
263.2890856,7788.590034
263.3248318,7855.068015
263.3046803,7920.549468
263.4903389,7989.002765
263.8162243,8060.427298
263.9972607,8129.862925
263.9835893,8200.285565
264.0731834,8272.686771
264.305796,8347.066113
264.4131092,8413.50698
264.4376352,8479.943433
264.5379676,8552.324394
264.7493448,8622.717291
264.9563716,8694.096577
264.9787741,8766.46204
265.1894949,8839.813467
265.2304156,8911.177259
265.2090193,8976.589594
265.3693965,9045.961639
265.5999517,9117.310721
265.7590661,9191.627269
265.7608236,9259.002832
265.808795,9334.299561
266.0174534,9407.609349
266.160739,9477.942067
266.0839452,9543.317341
266.1377939,9613.640516
266.3899815,9685.939469
266.6592528,9761.204059
266.6114117,9832.502129
266.6169485,9904.785262
266.7581689,9976.073096
266.9114503,10049.33585
266.9237772,10113.68385
267.009579,10184.95679
267.1438078,10258.20425
267.34662,10332.43606
267.3825312,10406.66236
267.4455417,10477.91443
267.5398245,10548.17191
267.5750319,10617.43502
267.5987817,10687.6827
267.8022798,10759.90405
267.9808984,10833.10941
268.0010343,10903.34194
268.0385467,10976.5368
268.1315965,11051.70432
268.3137559,11123.89938
268.321042,11192.13375
268.2801496,11261.35228
268.4303136,11335.50966
268.7412082,11412.62751
268.7875109,11484.79652
268.7736893,11557.94883
268.6466791,11625.16516
268.9376216,11697.31883
269.0288028,11768.479
269.0088866,11839.6341
269.1474294,11913.74862
269.3200325,11986.86956
269.4245415,12059.98515
269.4388115,12132.10746
269.4884467,12203.2367
269.5478048,12274.36088
269.6111171,12345.47999
269.6591096,12417.58171
269.9372898,12491.65341
270.0232441,12564.73211
269.9643626,12635.83058
269.9573888,12707.91137
270.1472743,12780.97426
270.2970452,12852.05736
270.2401442,12924.12257
270.2268317,12995.19549
270.5497704,13069.22442
270.7239382,13145.22175
270.6201976,13215.29209
270.5842989,13286.34433
270.707835,13359.36497
270.9032729,13434.3536
270.9104281,13503.4171
270.9723842,13573.46235
271.1378036,13647.44848
271.2502867,13722.41551
271.2483603,13793.43172
271.2636963,13866.41535
271.3449806,13938.4075
271.4522067,14008.42228
271.4894587,14081.39023
271.6766565,14153.3669
271.8619801,14227.31014
271.8214567,14300.26211
271.7158031,14370.25157
271.8984505,14446.15009
272.0666279,14516.12934
272.0280317,14586.10369
272.0587721,14655.08769
272.1918021,14727.02308
272.5010598,14803.87984
272.48212,14877.775
272.359246,14945.75372
272.4605459,15034.41467
272.6709579,15110.2628
272.69456,15181.18053
272.779288,15252.09322
272.878504,15326.94006
272.9633472,15400.79658
272.9903469,15473.66299
272.9816321,15545.53953
273.1593073,15614.45738
273.1806659,15686.32379
273.1966106,15756.21631
273.3912554,15829.05684
273.6178901,15905.82894
273.6062123,15981.61101
273.4867534,16053.45105
273.5408648,16136.10991
273.7940685,16207.93884
273.8505945,16280.74647
273.8070779,16348.62989
273.9657664,16424.37841
274.1226414,16503.0721
274.2295899,16576.8418
274.1201829,16647.6556
274.1671721,16726.33172
274.3640406,16797.13493
274.4231956,16868.91641
274.5004252,16941.67593
274.6444868,17017.37954
274.6948719,17098.97572
274.696406,17172.70148
274.7606404,17248.38761
274.8639102,17330.94776
274.9549261,17403.67368
274.9728197,17475.41163
275.0569973,17549.10964
275.2657924,17624.76728
275.337537,17708.27882
275.2191527,17777.04778
275.1734001,17846.79433
275.5347976,17921.44722
275.6505989,17995.11237
275.5900267,18063.86162
275.6404355,18135.55222
275.7953663,18209.2016
275.9467523,18282.84556
275.90145,18351.57503
275.922176,18422.26327
275.9690124,18494.90986
276.1344361,18564.60636
276.2753253,18637.24262
276.2787169,18708.89213
276.3823043,18779.55512
276.4118545,18849.23178
276.4265948,18919.88485
276.5608476,18994.45768
276.7081647,19066.0816
276.7279153,19136.71935
276.766015,19207.35212
276.908204,19280.9226
277.10098,19357.43017
276.9764098,19424.1243
276.9132053,19490.81398
277.0953064,19564.36362
277.303335,19637.90785
277.3869965,19704.58327
277.3363026,19775.17594
277.4084121,19845.76362
277.6291945,19921.24771
277.635459,19990.84488
277.5624471,20060.4372
277.6600564,20131.98482
277.8629141,20199.60731
278.0072908,20271.14498
278.0156121,20343.65738
278.097722,20413.22516
278.1101619,20484.74754
278.1006879,20555.28515
278.1848555,20627.77696
278.3297745,20694.38642
278.4205985,20760.99145
278.4570466,20832.48896
278.5532329,20903.98137
278.7158431,20977.42714
278.7535705,21047.93002
278.6614178,21114.5115
278.7234173,21185.98374
278.9961551,21257.45088
279.1581232,21327.93401
279.0821029,21394.49685
279.0641751,21467.90662
279.2045146,21541.31099
279.3318226,21610.7955
279.2808543,21679.29662
279.3092825,21744.85759
279.4942928,21813.34954
279.6637266,21886.72856
279.673475,21955.21079
279.7732542,22027.60119
279.8228147,22100.96449
279.8120473,22165.51974
279.8509025,22232.02686
279.9667287,22302.44133
280.2304441,22375.78447
280.2063004,22446.18883
280.1461664,22531.25415
280.3434598,22604.58051
280.4469348,22673.0136
280.3609905,22737.53193
280.3548682,22804.00102
280.5846531,22877.30738
280.8132036,22948.65375
280.7903947,23019.01779
280.7109555,23090.35405
280.8960964,23163.63943
280.9970544,23233.01131
281.0035801,23301.4014
281.0088013,23365.87921
281.2073172,23442.0749
281.3100815,23507.5204
281.3620844,23578.82182
281.4002688,23650.11816
281.450469,23720.43286
281.5128168,23785.86015
281.477268,23854.21245
281.6530064,23922.56008
281.874628,23994.80821
281.8833787,24065.09867
281.8433007,24137.3365
281.9290553,24208.59303
282.1276636,24281.79651
282.12261,24345.23519
282.019559,24409.64573
282.1752609,24479.90704
282.4447157,24554.06641
282.507913,24624.31758
282.4444514,24690.66137
282.450485,24759.9274
282.5855112,24828.21315
282.7354576,24898.44506
282.6586799,24960.86929
282.8341528,25034.993
282.980629,25109.11121
283.0126626,25177.37312
283.0779973,25246.60545
283.1013504,25313.88298
283.1719891,25381.15598
283.1668934,25446.47471
283.2471597,25517.63802
283.518532,25589.771
283.6025541,25659.94945
283.5328808,25730.12297
283.538363,25795.41891
283.6519817,25864.60846
283.8377604,25933.79323
283.7460618,25999.07587
283.8502356,26069.2256
283.9794049,26141.31881
284.1954679,26212.43269
284.1446567,26279.64527
284.1453852,26349.77532
284.180807,26416.97867
284.3290493,26485.15137
284.3778017,26553.31943
284.4437055,26631.22008
284.5895007,26713.00924
284.694365,26784.08248
284.7320513,26852.23016
284.7376171,26919.39975
284.8066097,26988.51158
284.8359405,27054.69872
284.9034434,27125.74768
285.087685,27196.79159
285.2391574,27264.91115
285.2405609,27331.07999
285.1756089,27399.1904
285.2400205,27468.26908
285.4571459,27535.39731
285.4798333,27601.54826
285.5002395,27671.58567
285.5655336,27739.6729
285.816713,27811.64578
285.9264537,27879.72347
285.7462033,27944.87921
285.7805662,28012.94783
285.9575202,28082.95644
286.1012015,28151.9879
286.1316064,28219.07025
286.1671984,28288.09232
286.3124586,28357.10962
286.3904505,28426.12217
286.3283017,28492.21422
286.446902,28559.27375
286.515474,28627.30057
286.5784047,28698.23789
286.6634567,28766.25525
286.8225938,28835.23956
286.9591478,28906.16213
286.8831948,28972.22247
286.7932284,29038.27844
287.0136771,29110.15793
287.1946042,29179.11852
287.10924,29239.33374
287.1985879,29310.22766
287.3431138,29382.0876
287.5209826,29452.00042
287.40469,29516.08288
287.3841722,29580.16124
287.554741,29653.94335
287.7257896,29722.86645
287.7566892,29786.93156
287.8141701,29857.78667
287.9490237,29925.72521
287.9770356,29993.65913
287.9615904,30060.61806
288.0316636,30131.45378
288.1755106,30196.46297
288.2026511,30266.31888
288.1986778,30332.28943
288.4276769,30405.04602
288.6042453,30473.91738
288.4767011,30538.90431
288.4029305,30604.85688
288.5910734,30673.71448
288.820459,30743.53706
288.8202343,30812.38511
288.696199,30879.28924
288.8105966,30950.06699
289.0163113,31023.7481
288.9759451,31089.6687
288.9097948,31158.49293
289.0112728,31231.18943
289.1961164,31300.9731
289.2779286,31369.78279
289.2994102,31437.61868
289.4577387,31512.23286
289.4567754,31581.99692
289.4049237,31651.75612
289.53736,31723.448
289.7042461,31793.19732
289.7364567,31861.97315
289.746707,31929.77567
289.8569938,32001.44762
290.1461555,32076.01974
290.065466,32146.71285
289.9199191,32213.52776
290.0483121,32285.17938
290.2700934,32356.82587
290.4146497,32424.59485
290.3376678,32491.3912
290.4124394,32564.95883
290.5948299,32636.58528
290.6410613,32708.20659
290.5533728,32773.04849
290.6409663,32843.69234
290.8583435,32915.29882
290.9749504,32987.86773
290.9711772,33052.6915
291.059968,33126.21785
291.1201158,33196.83676
291.0635612,33263.58155
291.1161469,33331.28911
291.2987811,33399.95923
291.466209,33469.59173
291.3759666,33574.03138
291.5233358,33662.02299
291.660159,33736.47138
291.7436911,33805.11369
291.603001,33868.91781
291.645079,33936.5844
291.8747967,34009.07923
292.109981,34079.63582
292.0358177,34146.32172
292.0740406,34215.90226
292.1034695,34285.47797
292.2964975,34356.01506
292.1668476,34418.81787
292.2275215,34485.48116
292.3880654,34553.10603
292.5150784,34624.59022
292.5776911,34693.1716
292.6494209,34761.74827
292.7228983,34827.42292
292.695958,34895.99039
292.7371051,34962.62187
292.8662015,35032.14565
293.0606193,35099.73357
293.0428267,35167.31692
293.0760414,35236.82647
293.1327257,35304.40056
293.2746228,35373.90057
293.2786975,35437.60468
293.2138393,35502.26984
293.3135124,35570.79105
293.5813849,35639.30757
293.6811674,35708.78431
293.575652,35774.39681
293.6387778,35842.89937
293.7605306,35909.4678
293.8227668,35976.99645
293.7887059,36040.66215
293.9135401,36109.14648
294.0585523,36179.55505
294.1472618,36243.20786
294.1601929,36313.607
294.2057018,36390.75105
294.2525864,36452.462
294.2338906,36518.98986
294.3332028,36586.47737
294.5395514,36654.92433
294.6203772,36720.47478
294.6276271,36786.98481
294.5662723,36850.59896
294.7900581,36920.95535
294.8678257,36985.52467
294.751335,37050.08982
294.800123,37115.61437
295.060999,37186.91562
295.2674971,37255.3215
295.1977784,37320.8326
295.0710344,37383.44949
295.2153032,37450.87869
295.3701786,37518.30334
295.3237772,37580.90787
295.3996056,37646.39765
295.6473485,37717.66106
295.6724703,37785.06772
295.6692165,37849.58127
295.6838706,37919.86742
295.8338224,37984.37228
295.7853567,38049.83564
295.7868471,38119.14511
296.0422365,38203.85017
296.2491081,38301.05963
296.1306533,38372.27641
296.1183369,38437.71438
296.2010279,38506.03475
296.4152555,38572.42614
296.3462501,38635.92681
296.352514,38702.30957
296.5176404,38771.57384
296.7399386,38841.79522
296.7475224,38906.24064
296.6292429,38972.60545
296.7085357,39038.00416
296.8673076,39106.28353
296.9062204,39169.75032
296.9246455,39237.05917
297.0796074,39305.32496
297.2055146,39375.50886
297.1585,39439.91989
297.1712146,39507.21057
297.2739215,39570.65192
297.3127302,39635.05038
297.3301072,39699.4447
297.4724548,39767.67892
297.7236696,39839.75228
297.7117986,39905.0943
297.5767479,39968.51041
297.6372774,40034.80477
297.8580611,40103.01612
297.8767388,40166.41968
297.8370398,40228.85865
297.9419693,40298.01727
298.2088166,40374.85457
298.2794191,40444.00309
298.116117,40506.42473
298.176251,40573.64368
298.2899483,40639.89794
298.3797545,40704.22759
298.4455089,40772.39329
298.6327817,40838.63438
298.5807336,40902.95124
298.6547371,40971.1034
298.5955936,41035.41175
298.7564761,41104.51461
298.822578,41168.81437
298.8099294,41232.15039
298.9292419,41302.1992
299.1441401,41368.40521
299.2266145,41437.48507
299.1022881,41502.72277
299.058237,41566.99694
299.2169987,41633.18542
299.3863619,41701.28783
299.3289924,41764.59014
299.4423365,41838.43777
299.501506,41938.17136
299.7081593,42006.25301
299.6639226,42069.53602
299.5909944,42132.81502
299.6960091,42199.92474
299.8735381,42270.8644
299.9673111,42334.13067
299.9968817,42403.14384
300.068787,42469.27701
300.1393962,42537.3225
300.1698365,42605.36337
300.1378941,42668.60848
300.2418322,42735.68225
300.3027516,42799.87722
300.3990924,42870.77434
300.4978162,42938.79252
300.607721,43006.80608
300.6012267,43070.98365
300.562676,43135.1571
300.5591786,43204.11502
300.8312986,43271.15288
300.9531037,43341.05901
300.878445,43404.25761
300.9284826,43471.28206
301.1276036,43541.1742
301.1495853,43607.23214
301.0680003,43682.85834
301.0501717,43748.90693
301.2402009,43816.86541
301.4052264,43882.90515
301.3919812,43949.89753
301.5040815,44018.79929
301.5562322,44086.73944
301.5261049,44151.80454
301.5320058,44217.82217
301.7190517,44283.83543
301.8249757,44350.80095
301.8443257,44418.71855
301.8326244,44486.63153
302.0585502,44555.49632
302.095005,44621.4873
301.922865,44682.69243
301.9657441,44750.58748
302.1630718,44819.4341
302.3985196,44887.31988
302.3227869,44952.33292
302.3174708,45020.20967
302.4667184,45089.99364
302.579361,45155.94936
302.4722214,45220.94494
302.4765541,45287.84774
302.6984864,45356.65738
302.8758666,45425.46228
302.8470435,45492.35141
302.8938102,45562.10244
302.9722887,45628.02702
302.9215255,45692.99193
302.8838689,45760.81843
303.0666075,45847.74426
303.2437343,45913.65001
303.2051153,45982.41661
303.2632182,46052.13347
303.3845703,46118.02576
303.5551087,46185.82344
303.41473,46248.84251
303.324323,46314.72184
303.5723715,46383.46086
303.8393876,46453.14976
303.8109767,46519.97018
303.7404177,46587.74061
303.7429731,46651.68878
303.8999101,46722.31335
303.9318681,46788.1615
303.855541,46851.14262
304.0666604,46918.89062
304.1718177,46987.58812
304.2393247,47053.4188
304.3171189,47123.06104
304.3583828,47190.79062
304.3091974,47257.56176
304.3113212,47322.42089
304.4229411,47390.13697
304.6965824,47457.84846
304.6357554,47524.60178
304.7487836,47596.11825
304.6366024,47660.95542
304.8204402,47732.46214
304.8447846,47794.4305
304.7153191,47857.34828
304.8647231,47926.93455
305.1124041,47998.42225
305.2303925,48075.62323
305.0658501,48147.10031
305.1784036,48219.5252
305.1982357,48286.22769
305.3028467,48353.87853
305.2944168,48417.71387
305.4333432,48486.30849
305.5412704,48556.80361
305.5849507,48623.48361
305.6121268,48691.11164
305.6308127,48774.92596
305.6814206,48837.78208
305.7418079,48904.44335
305.7398193,48971.10018
305.9579722,49041.56114
306.1028866,49110.11298
306.0200558,49175.80409
306.0484329,49242.44283
306.1316832,49311.93279
306.2355818,49379.51428
306.1397695,49442.33241
306.2406296,49509.90509
306.3740288,49579.37647
306.5636903,49647.89145
306.5511548,49721.15923
306.4586425,49789.6645
306.5203617,49856.26235
306.6511837,49925.70967
306.6880509,49990.39598
306.7848569,50058.88281
306.8396406,50126.41385
306.9375393,50193.94032
306.9834786,50262.41321
306.9752521,50327.07775
307.0608431,50395.54153
307.0305283,50460.19746
307.0971035,50523.89848
307.2305491,50593.29945
307.4531705,50664.5968
307.4091623,50730.18587
307.3484407,50794.82017
307.3330306,50877.50796
307.5412822,50953.53668
307.5831266,51019.1068
307.5227377,51086.57302
307.7123381,51156.88508
307.8630993,51228.14227
307.9236434,51291.79439
307.7778406,51356.3924
307.7989966,51424.78574
307.9519917,51492.2246
308.0455618,51557.75941
308.0806545,51625.1893
308.1540569,51693.56427
308.2768349,51762.88411
308.3180504,51830.30017
308.2787403,51895.81284
308.3241926,51962.27057
308.4082028,52028.72389
308.4360945,52094.22356
308.5066448,52164.46481
308.6692527,52231.8538
308.8283202,52298.28921
308.6212245,52364.72021
308.6003103,52431.14679
308.7710951,52497.56896
308.9418174,52563.03792
308.882463,52628.5026
308.9171013,52694.91166
309.1391187,52767.95654
309.2640541,52837.20195
309.1332923,52903.59715
309.0485287,52968.09113
309.2089144,53032.58095
309.3619865,53103.70461
309.4173929,53167.23746
309.4452444,53236.45523
309.5319612,53300.92774
309.5900231,53372.98034
309.482959,53433.65219
309.6075509,53502.85152
309.7419779,53567.30686
309.7090355,53633.65361
309.7961641,53699.99596
309.8995891,53769.17686
310.089199,53840.24815
310.0049307,53903.73422
309.8429912,53966.26881
310.024356,54034.48389
310.2442262,54104.58899
310.214724,54168.05829
310.1967827,54233.41799
310.2872356,54304.45629
310.46686,54373.59539
310.4354526,54437.04761
310.2754624,54498.6019
310.4787688,54567.72758
310.6137524,54633.06115
310.6405483,54700.284
310.6775082,54766.55563
310.8413319,54837.55607
310.8395786,54901.92544
310.7603579,54967.23719
310.8007056,55033.49112
310.9955753,55102.57984
311.002954,55165.0395
310.9695541,55231.28033
311.152523,55300.35538
311.3317924,55370.3718
311.2128044,55435.65296
311.0884757,55498.09182
311.2229299,55564.3106
311.4598807,55633.36265
311.5449521,55701.46412
311.4489981,55765.77791
311.5490446,55835.76174
311.6511269,55909.52319
311.6829919,56001.24458
311.6541529,56074.99382
311.6636954,56140.229
311.8181345,56206.40527
311.9305866,56277.30355
311.9305133,56342.52554
312.0238997,56410.57873
312.0362902,56476.73711
311.9928307,56541.94608
312.0281412,56605.26088
312.1889619,56673.29619
312.3376975,56738.49235
312.2971927,56808.40815
312.3296567,56876.42964
312.4664999,56944.44651
312.5593406,57011.51416
312.4031598,57074.79923
312.4925538,57139.96923
312.5257465,57208.91256
312.7608213,57275.96249
312.7494076,57342.06364
312.7281625,57407.21622
312.8064279,57474.25285
312.8935762,57542.22906
312.8872866,57606.42458
312.9142578,57670.61598
313.0346214,57741.41053
313.1643504,57806.5371
313.2467029,57877.32203
313.2235274,57943.38345
313.2226616,58011.32778
313.2623218,58077.38035
313.2408914,58145.31558
313.3570687,58220.79376
313.5345518,58295.32287
313.543361,58362.29999
313.5537366,58430.21587
313.5937974,58498.12713
313.7629407,58568.86313
313.7360655,58633.93583
313.599533,58699.0043
313.7813443,58768.78317
314.0003166,58842.32859
314.0720106,58914.92582
313.9870643,58981.86146
313.9305341,59048.79261
314.0654856,59115.71929
314.1274182,59179.81388
314.0949241,59243.90436
314.1941849,59313.64521
314.3110546,59379.61182
314.4059471,59446.51636
314.4340261,59516.24309
314.4487766,59584.08064
314.4598998,59648.14522
314.4416791,59714.08976
314.523328,59780.97193
314.7802856,59851.61724
314.8194925,59918.49021
314.7069898,59984.41693
314.7263959,60053.16445
314.8303784,60120.02394
314.9432931,60186.87896
314.7954559,60249.96341
314.8992239,60335.63889
315.1421317,60409.06917
315.2503476,60478.72882
315.170824,60549.32486
315.1466243,60616.15119
315.2141618,60681.09081
315.3274607,60747.90833
315.3315483,60813.7804
315.3555916,60880.58905
315.5324063,60950.21586
315.56286,61016.0746
315.5662492,61084.75123
315.6077154,61152.48247
315.6625799,61220.20912
315.5805125,61283.22842
315.7264148,61350.00572
315.8327335,61418.65943
316.0018681,61489.18915
315.9110247,61554.0721
315.8644288,61622.71179
316.0070037,61688.52626
316.143422,61759.03695
316.0416835,61820.14219
316.0249888,61887.82364
316.2641167,61957.38036
316.403216,62028.81195
316.3382499,62090.84051
316.3537585,62160.38311
316.2776418,62225.22252
316.4449739,62291.93696
316.4528023,62357.70739
316.5413522,62426.29195
316.6641031,62493.93239
316.7096435,62563.44696
316.718097,62630.13883
316.6965462,62695.88703
316.836068,62762.57007
316.7799531,62826.43135
316.7841647,62892.16664
316.9385556,62961.65354
317.1466439,63031.1356
317.1699161,63097.79629
317.0067595,63160.69737
317.0544333,63231.10434
317.2325529,63299.62903
317.2875122,63364.39462
317.2304936,63429.15602
317.3562047,63498.60561
317.4408186,63567.11197
317.5679627,63635.61364
317.4447293,63701.29576
317.4312808,63766.03535
317.5447124,63833.58523
317.661226,63902.06864
317.6810198,63967.73327
317.8039493,64036.2075
317.8458612,64104.67704
317.8150776,64172.20405
317.8318049,64236.91316
317.880054,64303.49352
317.9778764,64371.00711
317.928781,64436.64095
318.0664407,64506.95814
318.1873278,64574.45799
318.2904981,64642.89069
318.112567,64706.63201
318.1404375,64774.11838
318.2833086,64842.53742
318.4214379,64909.07747
318.4129804,64974.67601
318.413183,65044.01835
318.5508066,65110.545
318.6732878,65181.75172
318.6135119,65246.39554
318.5340837,65311.03517
318.615393,65381.29091
318.7439655,65448.73177
318.8130394,65513.35833
318.8816056,65581.72681
318.9200649,65650.09062
318.8861645,65716.57696
318.8684491,65780.24987
318.9749421,65848.60011
319.1151147,65916.00946
319.0736228,65982.47813
319.1693963,66048.94238
319.2496655,66121.01833
319.4175123,66190.28123
319.3523617,66253.92399
319.1929527,66317.5627
319.3243792,66386.812
319.4855745,66454.18508
319.5705626,66522.48927
319.5037181,66588.91764
319.5156835,66658.14814
319.6778005,66724.5675
319.781308,66792.85322
319.6323594,66858.3283
319.6911349,66928.47542
319.8007705,67000.48801
319.9437193,67070.62515
319.9641482,67139.82232
319.978031,67209.94969
320.0605374,67281.94201
320.0059219,67349.25482
320.013662,67416.5631
320.1321678,67486.67107
320.2748244,67553.9701
320.1842678,67620.32998
320.2795172,67688.55457
320.4101116,67755.84001
320.4512541,67823.12093
320.315382,67885.72549
320.3132553,67953.93198
320.5759395,68022.13381
320.719193,68090.33099
320.6146775,68156.65529
320.6118094,68224.8433
320.7589183,68293.96064
320.7575106,68359.33751
320.7532086,68424.71011
320.7221529,68489.14464
320.8359897,68558.24372
320.9947373,68626.40435
320.959912,68691.75949
321.0510703,68760.84457
321.1441664,68829.92488
321.0348984,68899.00041
321.0483296,68970.87124
321.2173387,69042.73691
321.4079075,69109.9313
321.3111105,69176.18802
321.2578507,69245.23964
321.417649,69314.28649
321.5403804,69383.32858
321.4223098,69445.83555
321.3600921,69512.07001
321.5246887,69579.23288
321.7839947,69650.12212
321.7293066,69715.41039
321.6051253,69780.69441
321.7937482,69849.7043
321.8232901,69916.84449
321.7887416,69982.11536
321.8131765,70047.38196
321.93492,70116.37346
322.0264269,70185.36019
322.079838,70255.27432
322.0924641,70321.4552
322.1620598,70396.95197
322.1150882,70478.9667
322.0696774,70544.20089
322.2035399,70611.29447
322.3882025,70682.11059
322.4251788,70749.19491
322.3432913,70813.47984
322.4302,70884.28164
322.5510629,70954.14693
322.5594265,71019.35012
322.3892167,71080.82353
322.5791517,71163.7135
322.7822156,71237.28424
322.8279346,71308.05604
322.760288,71372.30505
322.6893846,71442.13625
322.8186646,71512.89356
322.9015113,71580.85311
322.8388235,71647.87717
322.987642,71715.82754
323.069283,71785.63476
323.0527881,71852.6451
323.157971,71927.09577
323.1728741,71997.81877
323.193129,72064.8149
323.1165445,72131.80654
323.2003174,72198.79369
323.4068135,72267.63692
323.5255921,72337.40563
323.3734401,72403.44885
323.4493056,72474.13817
323.4271819,72542.03242
323.5921564,72609.92207
323.5064361,72675.01739
323.5102869,72740.10848
323.6990809,72811.70379
323.820523,72880.50484
323.8113275,72947.44186
323.7464477,73012.51522
323.7554216,73079.4434
323.9267877,73149.15549
323.9697911,73215.14513
323.9479331,73284.84777
324.0545142,73351.75772
324.062636,73418.66321
324.174119,73488.35166
324.0887111,73555.248
324.1665571,73623.06889
324.1583159,73685.31142
324.2317136,73754.98129
324.313753,73823.71747
324.4876852,73895.23524
324.489787,73962.10437
324.3464272,74028.04039
324.4135798,74098.61497
324.5911525,74163.61346
324.5983557,74228.60773
324.523674,74294.52618
324.5906512,74364.15362
324.8400386,74432.84795
324.9044984,74500.60935
324.6988987,74566.50987
324.7248853,74634.26221
324.8965589,74702.00996
324.9368248,74767.89721
324.9564653,74835.63591
325.0279468,74903.37003
325.0971063,74973.88286
325.158878,75042.53531
325.0262927,75106.54484
325.1923093,75184.46396
325.2037617,75256.81198
325.1392423,75322.66269
325.2609548,75392.21858
325.4652635,75462.69696
325.5614933,75530.38861
325.3801854,75595.29411
325.3241182,75662.97679
325.5407929,75732.50902
325.6111094,75797.40141
325.4945818,75862.28958
325.6237828,75932.73483
325.7276006,76000.39468
325.8869564,76069.90345
325.7243036,76135.70064
325.6698043,76199.64023
325.8062987,76269.13516
325.9138186,76336.77225
325.9437632,76403.47832
325.9707724,76471.10632
326.1404546,76540.58239
326.0596208,76608.20112
325.9917094,76672.11051
326.2070701,76742.49874
326.2110047,76809.17775
326.1584797,76874.92632
326.2385866,76944.37433
326.4111107,77015.66927
326.4847593,77085.10751
326.3640666,77146.20918
326.2570518,77212.86128
326.4145942,77284.13708
326.5886657,77351.70556
326.5829852,77418.34396
326.4828816,77484.05249
326.7024991,77555.30897
326.8119549,77624.70975
326.7372996,77692.25522
326.6304237,77755.17018
326.6974287,77823.63196
326.8740757,77891.16399
326.8993927,77958.69147
326.9628308,78028.06426
327.0548191,78097.43224
326.9650078,78164.02097
326.9233469,78228.75576
327.0308725,78295.33575
327.1628063,78368.3837
327.1961815,78434.02983
327.1165664,78502.44515
327.2748762,78572.70467
327.4358013,78642.95925
327.40391,78710.43598
327.1853754,78773.28692
327.3268186,78844.45159
327.460856,78913.76296
327.5784613,78978.44924
327.4907098,79045.90334
327.5426918,79117.04861
327.5998534,79184.49336
327.650547,79251.00975
327.5756493,79313.82672
327.6041042,79382.18188
327.7899834,79450.53237
327.8500895,79517.95463
327.9246888,79586.29584
327.9743644,79660.17298
327.9512063,79722.96425
327.8703133,79790.36815
327.9373623,79857.7675
328.0200795,79927.00867
328.1203343,79992.55257
328.0438189,80057.16911
328.1641878,80129.16547
328.2282039,80206.69423
328.3311512,80278.67983
328.2107467,80346.96907
328.1589009,80416.17639
328.4039233,80484.45624
328.5495396,80554.57665
328.5240174,80620.07942
328.4660517,80691.1128
328.5158157,80758.45147
328.6254722,80828.55266
328.6006508,80895.88208
328.5082501,80959.51804
328.6346632,81027.76081
328.7774661,81095.99892
328.8164719,81165.15442
328.8705341,81235.22711
328.8396045,81303.45106
328.8203,81366.13924
328.8540998,81435.27606
328.9182565,81505.32983
329.115871,81579.98699
329.0953265,81649.10903
329.036534,81720.06935
329.1451807,81791.02463
329.2393409,81860.13208
329.1933692,81925.5494
329.0526068,81991.88372
329.149398,82060.05607
329.3500908,82128.22378
329.4784135,82200.0712
329.3562942,82266.38731
329.363885,82338.2248
329.5046465,82412.81981
329.5479294,82481.88431
329.4764228,82546.3402
329.5560662,82616.31618
329.7003047,82683.52534
329.784812,82755.33287
329.7196766,82820.69165
329.7493931,82889.72799
329.7728538,82956.91877
329.6501712,83024.10504
329.7957833,83090.36653
329.9809011,83159.38425
330.0602519,83230.23748
329.9637589,83296.48532
329.9473124,83364.56879
330.0829973,83434.48754
330.1766277,83504.4014
329.9538663,83566.95176
330.0388186,83635.9366
330.2956157,83707.67577
330.4560394,83777.57054
330.3106464,83844.7017
330.1932441,83913.66737
330.3234712,83982.62829
330.4220839,84050.66507
330.3312196,84118.69722
330.4162424,84186.72475
330.5647172,84258.42442
330.6008472,84324.60418
330.6115146,84395.3749
330.5920841,84464.30261
330.7230608,84532.30663
330.6029221,84598.46827
330.6305809,84668.3008
330.8437091,84738.12845
330.9708267,84809.7886
330.8773702,84878.68776
330.7626738,84942.98935
330.8623252,85011.87933
331.0311899,85082.60143
330.9400772,85147.80829
330.888152,85213.0109
331.1155465,85282.80053
331.2850706,85355.33985
331.2681517,85423.2833
331.14041,85488.46795
331.161531,85559.15636
331.2487606,85626.16803
331.2964738,85692.25733
331.2898627,85761.09571
331.4353133,85831.76485
331.4838205,85901.51132
331.476081,85967.58243
331.4607948,86034.56673
331.4938959,86101.54655
331.5252316,86169.43933
331.5007572,86237.32749
331.6553635,86306.12836
331.8296073,86379.51074
331.845439,86444.63309
331.6068884,86509.7512
331.7030154,86581.28451
331.8543153,86649.14472
331.9001095,86715.16646
331.8161185,86781.18383
331.8641091,86850.86411
332.0947226,86924.20652
332.1633735,86992.96015
332.0067293,87058.04257
331.9406574,87125.87044
332.0666716,87195.5267
332.1725188,87260.59593
332.2228267,87330.24281
332.2699332,87397.13591
332.3251597,87466.77328
332.3493697,87537.32199
332.2906043,87604.20123
332.3226454,87675.65631
332.3536883,87743.4423
332.3493188,87808.47589
332.4905467,87879.91637
332.5934874,87950.43594
332.7134113,88019.11905
332.5844227,88085.0504
332.4843098,88152.80864
332.6139621,88221.47786
332.7604045,88291.97334
332.7244425,88357.88671
332.7794677,88428.37258
332.7899219,88498.85348
332.9738808,88569.32942
332.9039682,88637.97004
332.7510237,88701.11524
332.8766109,88768.83176
333.0146016,88839.28867
333.0764277,88909.74062
333.0556074,88976.52815
333.1778654,89047.88523
333.1928537,89116.49301
333.1400806,89184.18141
333.1010343,89249.12137
333.2111394,89317.71535
333.2765717,89389.04809
333.2698173,89456.71804
333.421632,89528.95523
333.5413464,89621.30151
333.4815074,89686.21309
333.2758406,89751.12046
333.4095105,89819.68001
333.5958357,89891.89099
333.6804996,89961.35486
333.5589215,90026.24437
333.6445027,90098.44044
333.7973098,90169.71751
333.772578,90238.24837
333.6461209,90304.03357
333.655106,90371.64164
333.8552319,90442.89924
333.9039416,90511.41138
333.8962486,90580.83223
333.9895859,90651.1616
333.9869517,90719.65947
333.8794802,90785.41301
333.9341061,90853.90169
334.0608619,90924.21186
334.1783069,90990.86498
334.1458525,91060.25255
334.1706333,91131.46111
334.3527267,91202.66459
334.3570787,91272.03747
334.1623351,91337.75471
334.1061704,91403.46762
334.4143351,91473.73916
334.5564224,91547.65583
334.4028571,91612.4425
334.3831926,91681.78696
334.5595187,91754.77593
334.5909997,91825.93505
334.484873,91889.79149
334.5056647,91962.76528
334.6823731,92031.17337
334.7124804,92100.4888
334.7838189,92169.79942
334.7406525,92240.01713
334.8547206,92311.14173
334.7481379,92377.70247
334.7219135,92445.17049
334.8444641,92515.36887
335.0375187,92587.38545
334.958615,92655.75083
334.9159896,92725.02298
335.0824881,92794.29033
335.1697094,92866.28684
334.9595663,92929.16562
334.8861261,92996.59644
335.1598365,93067.66725
335.3459691,93139.64408
335.3181223,93209.79372
335.1903815,93275.38374
335.2859969,93346.43474
335.3645188,93416.56987
335.3324664,93483.05709
335.2738335,93549.53988
335.3979819,93617.83951
335.5150197,93689.77675
335.5633893,93758.97731
335.6078702,93829.99396
335.6194004,93901.00557
335.5556421,93969.2812
335.4969125,94033.91117
335.6332611,94103.99811
335.8469676,94178.63075
335.8215676,94245.97738
335.7141588,94314.22946
335.8338807,94387.02656
335.8883185,94456.17889
335.8557816,94522.59702
335.7156006,94589.92048
335.8636666,94659.96846
336.1038044,94732.74039
336.1507152,94804.59747
336.0478612,94872.81145
336.0327619,94940.11134
336.0925334,95011.95352
336.1347012,95080.15335
336.109037,95147.43929
336.1886633,95217.44823
336.3083365,95287.45227
336.3353745,95358.36046
336.3633173,95428.35464
336.3454922,95498.34392
336.3481509,95567.41944
336.2815577,95633.76381
336.4065865,95706.46491
336.5043615,95778.25206
336.6580443,95846.39965
336.586916,95917.26822
336.499141,95984.49786
336.6486749,96056.26505
336.702951,96154.36883
336.6003132,96220.67427
336.6245508,96293.33271
336.9111338,96364.16962
336.9429032,96435.90957
336.9314409,96505.82837
336.7369106,96572.11051
336.8223302,96642.92766
336.9292387,96713.73981
336.9413338,96783.63918
336.9880453,96852.62599
337.1027268,96926.14615
337.0800818,96993.308
337.1745528,97065.00284
337.1097325,97134.87767
337.1502593,97204.74761
337.1620715,97272.79806
337.1228983,97339.02939
337.3229406,97412.51381
337.427676,97485.08571
337.4325272,97554.02414
337.2885321,97622.95782
337.3080437,97695.51445
337.4830003,97765.34524
337.4493209,97831.54395
337.401884,97900.4585
337.5024861,97972.08833
337.7005311,98046.43285
337.7254045,98117.14568
337.5723261,98184.22759
337.5390111,98252.21142
337.6775351,98322.00334
337.7738509,98394.50928
337.7495314,98464.29127
337.8296867,98534.97456
337.9558216,98607.46505
337.8698022,98677.23219
337.8345919,98745.18251
337.8771707,98814.03413
337.9314289,98883.78686
337.8983036,98951.72315
338.0337501,99024.18344
338.2125415,99131.05278
338.2751181,99204.40564
338.0610451,99274.13114
338.0140416,99343.85178
338.2099479,99416.28366
338.2772679,99485.9944
338.2178524,99552.98455
338.251023,99627.21164
338.4087706,99703.24343
338.5088861,99778.3644
338.3608944,99847.14492
338.2903705,99915.0158
338.4536935,99986.50148
338.5069802,100057.0773
338.5430028,100128.5528
338.5706515,100199.1185
338.6377154,100271.4885
338.6686846,100342.0442
338.5750419,100408.977
338.6758592,100480.4274
338.7400353,100553.6813
338.7110606,100620.6
338.7528759,100694.7479
338.9084688,100766.1778
339.0178549,100841.219
338.9038212,100911.7345
338.7278869,100975.9173
338.8814061,101047.3272
339.0508251,101120.5397
339.0326215,101189.2279
339.0107094,101259.7189
339.0862347,101332.0121
339.2190702,101405.2037
339.2187644,101474.7759
339.0034918,101540.7296
339.1034028,101612.0991
339.2508164,101683.4636
339.3187569,101754.823
339.3218816,101827.9836
339.3642857,101902.042
339.4224681,101974.2889
339.3485309,102042.9185
339.3588026,102109.7376
339.4413792,102181.0666
339.5517073,102250.5848
339.4779745,102322.8065
339.6243516,102395.0229
339.7364607,102469.0394
339.6572521,102538.5376
339.4989072,102604.4211
339.5407575,102674.8124
339.7653872,102747.9058
339.8670515,102820.0915
339.7302243,102887.7609
339.8498832,102962.6431
339.9081364,103033.9112
339.9153725,103106.0763
339.8316806,103171.0205
339.8298136,103243.1757
339.9753077,103315.3257
340.0553342,103385.6669
340.1085376,103459.6101
340.1167946,103530.8428
340.0943778,103600.2673
339.9993261,103668.7855
340.1029153,103741.8063
340.1651032,103812.1175
340.2896487,103882.4238
340.2536306,103953.6265
340.260494,104026.6264
340.4321469,104099.6211
340.4398725,104169.9072
340.2738169,104239.2873
340.2320752,104307.7617
340.4107797,104379.8349
340.5778242,104452.8038
340.5415153,104532.9733
340.4868658,104605.931
340.5577329,104680.6846
340.6142448,104749.1288
340.5888639,104819.3693
340.570806,104889.6048
340.7245093,104961.6361
340.7918415,105032.762
340.8762393,105109.2841
340.832076,105179.4993
340.8470393,105252.4098
340.7951897,105319.0148
340.7398634,105390.1152
340.8951604,105463.0104
340.9954933,105535.0004
341.0137324,105606.0855
340.9527767,105675.3661
341.0287286,105749.1401
341.1120247,105822.9087
341.0882943,105892.1743
340.9317805,105958.7367
341.1194531,106033.3892
341.2911912,106106.2375
341.3566416,106179.0805
341.2511904,106247.4222
341.1649659,106319.3558
341.3367423,106392.1833
341.3527818,106462.3085
341.2658377,106531.5298
341.3185261,106603.4429
341.4897652,106677.1485
341.5390479,106748.1524
341.527387,106821.8474
341.5018913,106892.841
341.5618553,106960.2354
341.4805109,107033.9147
341.5644361,107103.9949
341.7924699,107179.4604
341.8222199,107260.3099
341.6564423,107338.4582
341.7150356,107411.2115
341.8075105,107483.0615
341.8580142,107554.9062
341.6950633,107622.256
341.7341993,107694.0908
341.9865193,107769.5117
342.0964056,107841.3359
341.9614577,107913.1549
341.9014612,107984.9688
342.0246421,108059.4702
342.1316791,108130.3761
341.9969308,108201.2769
342.0571166,108273.9674
342.2601508,108347.55
342.2307502,108420.23
342.235644,108493.8018
342.175158,108565.574
342.2405433,108636.4439
342.196763,108704.6179
342.2359808,108778.1688
342.3932788,108851.7143
342.5007248,108926.1512
342.4600877,108996.9956
342.3370528,109066.9384
342.5135177,109142.2559
342.5510517,109213.085
342.4673064,109281.2196
342.4864023,109356.521
342.6233367,109430.9203
342.7570521,109505.3141
342.7358529,109577.9099
342.5689393,109646.0198
342.6597593,109718.6054
342.7342946,109791.1857
342.7383257,109862.8649
342.7865555,109934.5388
342.887171,110008.8952
342.9404081,110085.0375
342.9032153,110154.0085
342.9245765,110228.3485
342.9640263,110302.683
342.9220429,110370.7435
342.8852984,110449.5446
343.1184082,110541.7697
343.2139683,110615.1857
343.1808269,110685.9105
343.0411594,110758.4207
343.0447774,110831.8207
343.2398957,110905.2154
343.2335212,110976.8147
343.1524966,111048.4089
343.253558,111121.7876
343.4243416,111196.0557
343.4859197,111271.213
343.366088,111342.7861
343.2762212,111417.0378
343.4320614,111491.284
343.4329353,111562.8414
343.472185,111633.4993
343.49005,111708.6237
343.6892692,111784.6367
343.5722447,111857.0673
343.6060198,111931.2808
343.5708402,112003.7008
343.6739942,112077.0094
343.6385551,112150.3127
343.7181159,112223.6107
343.8746046,112298.6908
343.9002532,112375.5526
343.7374062,112447.0468
343.6890729,112516.7486
343.8726172,112593.5938
343.9574971,112665.9658
343.9516907,112739.2259
343.9087435,112811.5873
344.0409579,112888.4098
344.1312892,112962.5469
344.0996884,113050.9682
343.9410539,113119.7349
344.0216443,113193.8548
344.1787602,113270.6479
344.2320729,113343.8638
344.1865682,113417.967
344.224001,113493.8502
344.3366918,113567.0498
344.1702623,113638.4588
344.2786717,113712.5402
344.3435054,113786.6162
344.3487581,113859.7942
344.3386257,113933.8593
344.4310919,114009.7034
344.6292066,114087.326
344.5658945,114159.59
344.3233781,114230.0647
344.4621563,114305.8863
344.674671,114379.9183
344.6712005,114455.7285
344.5949543,114527.9659
344.6240201,114602.8732
344.794422,114680.4498
344.7936398,114752.671
344.5683528,114823.1038
344.6983097,114899.7719
344.8672981,114973.76
344.8814234,115049.5252
344.8926588,115124.3935
345.018961,115201.0385
344.9409041,115275.0043
344.8874095,115348.9646
344.8768064,115422.0284
344.9764687,115500.4325
345.1076945,115592.1931
345.0343621,115667.9115
345.0924543,115744.5148
345.2691185,115821.1123
345.249331,115896.8134
345.0758443,115964.4942
345.0489567,116040.1844
345.3403733,116122.1015
345.4025109,116195.9992
345.2772346,116268.111
345.2680049,116342.888
345.4176751,116423.0001
345.4433655,116495.0955
345.370649,116569.8556
345.328437,116639.2707
345.4968545,116717.5794
345.5800207,116794.9921
345.5642922,116868.8401
345.5952588,116944.4619
345.6165288,117020.9676
345.5555642,117095.6884
345.5946802,117169.5142
345.6740742,117246.0026
345.7842344,117320.7066
345.7616788,117396.2942
345.6985683,117473.6545
345.8918546,117551.8978
345.9015423,117628.357
345.7678392,117700.3656
345.713702,117774.1467
345.8532303,117849.7001
346.0642161,117928.8028
346.0711252,118000.7897
345.9349643,118077.2146
346.015158,118158.0764
346.1093023,118232.7123
346.0840015,118308.2311
346.0404353,118381.079
346.111985,118458.3631
346.2526,118540.9706
346.2313225,118623.5712
346.2488201,118698.1723
346.2959765,118778.096
346.2892906,118851.7977
346.1770154,118923.7182
346.3147552,119002.736
346.4661123,119082.6353
346.4667135,119157.2022
346.3823324,119232.6511
346.4863641,119313.4196
346.5415747,119388.8567
346.5325568,119464.2882
346.3566077,119537.052
346.5246179,119616.0214
346.721003,119693.2101
346.7770425,119771.28
346.6960956,119846.6826
346.6449474,119923.8536
346.7145935,120002.7924
346.7414389,120077.2907
346.7102096,120151.7835
346.7379426,120229.8176
346.8459578,120305.1857
346.8544405,120382.3213
346.9622881,120462.9969
346.9002152,120538.3474
346.9348147,120613.6922
346.8458384,120689.9177
346.8950067,120767.9098
347.1133331,120845.8959
347.1380631,120922.9897
347.0935459,121001.8497
347.0580277,121078.0456
347.1216787,121158.6651
347.2421924,121233.9632
347.107798,121309.2557
347.0896725,121384.5424
347.2635334,121465.1373
347.4138168,121545.7256
347.3937154,121622.7656
347.2852553,121700.685
347.2653512,121803.3876
347.3902565,121890.1455
347.4552962,121970.6996
347.4052955,122052.1323
347.5229098,122131.7883
347.5805232,122214.9779
347.5813607,122296.3907
347.5691467,122376.0273
347.5948035,122452.1185
347.5500574,122530.858
347.5691203,122607.8221
347.7063405,122687.4339
347.8147157,122767.9238
347.7707605,122843.1008
347.8151142,122924.4625
347.7211944,123004.9333
347.8834675,123080.9767
347.8813545,123158.7826
347.8060689,123239.2346
347.8755025,123321.4481
348.1200426,123404.5387
348.1393001,123485.8547
347.9077583,123559.2103
347.9184565,123638.7464
348.0695956,123718.2761
348.0577919,123794.2653
348.1098049,123873.7827
348.1471234,123955.944
348.276236,124035.4485
348.2557762,124115.83
348.2153001,124195.3218
348.2603681,124273.041
348.2730687,124353.4034
348.299389,124432.8764
348.2816189,124513.2259
348.4817385,124594.4519
348.5903573,124675.6712
348.3932427,124753.3531
348.309939,124834.5596
348.5190904,124914.8768
348.5606468,124996.0702
348.4651169,125070.1975
348.4964667,125151.3782
348.666352,125244.022
348.766243,125329.5997
348.6524765,125405.4665
348.5153826,125483.0918
348.7011961,125566.003
348.7207928,125646.2615
348.7707459,125727.3955
348.8123431,125807.6411
348.9181187,125891.4071
348.8653558,125971.6396
348.7931677,126049.2209
348.8560087,126128.5591
348.929323,126213.1797
348.8978748,126289.8609
348.8956417,126370.9427
349.1333951,126455.5427
349.2025888,126535.7299
349.0445329,126616.7918
348.9431059,126694.323
349.1191681,126778.8957
349.2047602,126860.8187
349.1903083,126937.4503
349.1093749,127018.4796
349.3275184,127105.6668
349.3742982,127187.563
349.2901181,127266.811
349.1980029,127345.1724
349.2785393,127426.1686
349.4134317,127508.9189
349.4062169,127591.6623
349.4897301,127672.6386
349.5038063,127757.1286
349.538368,127840.7315
349.3862163,127918.1679
349.5179665,128007.0364
349.5732105,128090.6184
349.5905452,128169.7949
349.5666371,128254.2429
349.6428041,128337.8043
349.7739778,128422.2381
349.8421584,128504.0266
349.5847135,128584.0497
349.6275984,128666.7042
349.7899931,128750.2311
349.907921,128831.1136
349.8506871,128914.6267
349.8146335,128997.2539
349.9787638,129084.2688
349.9809039,129167.7608
349.8848879,129246.8521
349.8214925,129329.4518
349.9892079,129412.9234
350.0941487,129495.5094
350.1432672,129582.4809
350.1208705,129664.1746
350.131449,129746.7399
350.1193432,129832.8113
350.0587771,129914.4845
350.1590439,129997.9072
350.2848685,130080.4449
350.2223162,130162.9759
350.277931,130249.8894
350.3564028,130335.0397
350.3443766,130418.4274
350.2523469,130499.1751
350.1814232,130581.6715
350.3871162,130668.5486
350.5712542,130753.6633
350.5228122,130835.2613
350.4221963,130918.6073
350.5486964,131006.3323
350.5701224,131090.5412
350.5428171,131172.9888
350.4202909,131255.4296
350.6100132,131339.6174
350.7354513,131426.4287
350.668678,131511.479
350.74012,131602.6588
350.7629382,131694.7069
350.747497,131776.2282
350.6508226,131860.3722
350.7769382,131945.3856
350.9501297,132032.1443
350.9656261,132118.8955
350.8224291,132203.8869
350.9431566,132293.2514
351.0868357,132379.98
350.9615899,132463.1973
350.822433,132548.1594
350.9121844,132633.1143
351.1693618,132720.6891
351.2250103,132808.2562
351.0689826,132894.0646
351.0563513,132980.741
351.179878,133067.41
351.1559689,133153.1961
351.1072854,133235.4738
351.1896982,133322.1207
351.4010352,133414.0107
351.3738888,133503.2672
351.3369658,133588.141
351.3659993,133678.2568
351.3476205,133764.8654
351.2664274,133849.717
351.3125097,133936.3106
351.4793471,134025.5205
351.5786977,134112.9735
351.4885621,134200.4188
351.435083,134288.7308
351.6137924,134379.6577
351.6427022,134467.0797
351.441192,134549.2494
351.5568121,134639.2787
351.780734,134731.0478
351.8004633,134821.9345
351.7654797,134910.1916
351.5932304,135004.557
351.7446978,135103.2816
351.7659257,135190.6403
351.6931344,135284.1057
351.7893455,135371.4487
351.9439782,135464.0239
351.9440654,135553.0976
351.9386555,135644.7828
351.9408344,135735.5866
351.9099399,135825.5091
351.895489,135913.6777
351.8651052,136001.8386
352.1630251,136094.3554
352.1831508,136185.9911
352.1347384,136275.0005
352.005553,136365.747
352.0565219,136456.4854
352.2014135,136546.3431
352.146121,136634.4482
352.0480894,136724.2899
352.2337523,136818.4842
352.3881016,136913.5417
352.3512464,137001.6144
352.26545,137094.0389
352.2173658,137183.8393
352.3471558,137277.1186
352.3463622,137366.031
352.3888993,137458.4217
352.4851835,137555.1614
352.5208066,137648.4061
352.4654596,137743.3847
352.4505725,137836.6119
352.4592456,137928.9591
352.4541731,138017.8136
352.4624545,138111.0151
352.5958542,138210.3044
352.7555702,138309.5839
352.7303286,138402.7582
352.5355112,138494.1826
352.5631474,138588.2103
352.7157675,138682.2293
352.6869644,138774.4985
352.6212287,138865.0185
352.7096841,138960.7519
352.9116522,139057.3464
352.8960146,139155.6717
352.7460348,139245.2872
352.6698226,139340.1143
352.8076875,139434.0625
352.8507193,139528.002
352.9545794,139621.9326
352.9380161,139719.3328
353.0096527,139816.7235
353.0061127,139910.627
352.9092017,140008.8684
353.0048026,140102.7539
352.9797277,140194.0229
352.9307478,140289.6292
353.0968594,140386.9644
353.160726,140488.6348
353.2285884,140585.9506
353.0694277,140691.9446
352.9448433,140785.7659
353.1118096,140885.6586
353.2134417,140982.0673
353.1749873,141074.993
353.1451153,141173.9884
353.2671824,141274.7106
353.3502577,141374.5545
353.1923538,141469.1799
353.2400943,141568.1363
353.1765767,141663.6113
353.2846159,141761.6807
353.3157272,141858.8727
353.3749182,141959.5259
353.3614973,142060.169
353.4010568,142159.067
353.2615001,142257.0878
353.2950118,142354.2317
353.3821788,142453.1006
353.3859789,142551.9597
353.3626696,142650.8091
353.4809449,142755.7174
353.5502571,142854.5466
353.4712889,142954.2329
353.2928056,143052.1758
353.3475198,143151.8423
353.5313728,143251.499
353.5412517,143350.2792
353.4965205,143454.2479
353.5052246,143555.6069
353.5816116,143658.688
353.5418582,143759.1602
353.424804,143857.8903
353.4006318,143962.6722
353.5985406,144070.0405
353.6146088,144171.3371
353.6075228,144276.0861
353.6209983,144378.2274
353.6187896,144482.0893
353.4645893,144581.6134
353.452458,144681.993
353.5711454,144784.9581
353.6354882,144886.1823
353.5681581,144989.9914
353.5532546,145094.6547
353.7348579,145202.7664
353.666039,145303.0836
353.4411865,145403.3907
353.3939302,145506.2816
353.6456999,145613.4843
353.7193735,145715.4891
353.6310268,145820.9408
353.505487,145922.0603
353.608513,146031.8108
353.609261,146136.3651
353.4955049,146236.5887
353.4658653,146339.3939
353.6068904,146443.916
353.6444911,146551.882
353.5966024,146658.1091
353.6363202,146765.1884
353.5920685,146872.2562
353.4393908,146976.7227
353.3488939,147078.5886
353.5195308,147184.7598
353.6135299,147299.5501
353.5149123,147412.6013
353.4458414,147520.4627
353.5160141,147631.7635
353.5148288,147742.1892
353.363612,147845.7023
353.2220525,147950.0671
353.4213876,148058.733
353.5641939,148169.1116
353.4407814,148276.0292
353.3191469,148383.7976
353.2458825,148493.2783
353.3084979,148601.8851
353.2584797,148705.3092
353.2069921,148812.1696
353.2352894,148919.8802
353.2885088,149032.7484
353.2023899,149139.5738
353.2626818,149252.4172
353.1438487,149366.9704
353.0306038,149473.7601
352.9407143,149579.6773
353.0094197,149690.7491
353.1354877,149800.0868
353.0993529,149910.2734
352.9320543,150022.1692
352.8773591,150137.4949
352.9144873,150247.6443
352.7900815,150355.2004
352.6512471,150460.164
352.640655,150572.8585
352.8434909,150688.1207
352.8123644,150799.9295
352.6339746,150910.0059
352.4674491,151023.5096
352.4816525,151134.4212
352.4203994,151244.4609
352.41965,151364.8029
352.4251015,151479.9738
352.4146024,151595.1315
352.3292341,151708.5574
352.2080108,151823.6888
352.1185537,151936.2297
352.0520495,152047.8991
351.8917225,152158.6971
351.8863428,152269.4829
352.0228215,152386.267
351.9971709,152497.0276
351.77869,152614.6436
351.5987842,152728.8123
351.5989113,152843.8263
351.5536106,152956.2525
351.3924291,153066.9499
351.3527403,153180.2091
351.4091849,153302.0341
351.3894365,153422.9866
351.2073522,153542.209
350.8728172,153657.1295
350.8670714,153772.0367
350.8868399,153885.216
350.7760737,153998.3825
350.7268396,154114.1077
350.6384665,154232.3908
350.58682,154350.6598
350.4069609,154469.7718
350.2577623,154590.5831
350.1517098,154705.3831
350.0289796,154819.3134
349.9083957,154935.8001
349.9814949,155058.2678
349.889282,155179.8643
349.6959378,155300.5899
349.3392432,155423.0129
349.1536687,155538.5734
349.3284244,155659.2556
349.1755055,155774.7888
348.9066718,155891.1643
348.8597258,156015.2262
348.8775964,156141.839
348.6147787,156264.1591
348.3015545,156387.3195
348.03738,156504.4789
348.1164294,156626.7547
348.0354293,156751.5803
347.8356583,156876.3903
347.7006538,157002.8941
347.4854666,157132.8003
347.1445514,157256.7083
346.9664434,157375.4746
346.9210413,157497.6439
346.7760373,157617.2358
346.5330075,157741.9378
346.3226389,157867.4783
346.2737438,158003.2491
346.0225039,158148.3926
345.5460145,158270.4676
345.3418693,158396.7952
345.3397898,158521.4
345.1551737,158646.8426
344.8408095,158771.4163
344.5162802,158901.093
344.3520385,159034.1648
344.1097071,159162.9545
343.7115116,159287.4639
343.3850445,159405.9893
343.2670959,159530.4685
343.1576085,159659.1944
342.7989958,159789.6083
342.3747981,159921.7096
342.0738795,160052.9414
341.7176487,160183.304
341.306979,160308.5384
341.1691496,160435.4606
340.8308301,160565.7733
340.4606159,160689.2567
340.0846765,160822.0907
339.6972678,160959.1637
339.4334749,161091.1106
338.9055043,161217.9336
338.35468,161340.4854
338.1692514,161473.2329
337.883448,161605.1121
337.3541424,161731.8698
336.7786986,161867.9677
336.2668683,162004.8974
335.9908295,162138.4071
335.4290318,162264.2471
334.9087051,162391.7714
334.4179402,162524.3795
334.0390489,162656.97
333.4490254,162791.2424
332.8769583,162929.7451
332.271644,163063.9809
331.647176,163199.8976
331.048391,163330.6999
330.5113237,163464.8819
330.0441476,163600.7441
329.3404271,163736.5879
328.5407819,163875.8085
327.8643148,164018.4047
327.2770403,164160.132
326.527078,164292.5058
325.7054756,164424.8621
324.9685283,164564.8352
324.4205987,164707.3332
323.5703507,164843.8747
322.6248716,164984.6371
321.7607969,165132.162
320.8904629,165283.0558
320.0800519,165420.3663
319.1424035,165562.7424
318.071446,165707.6402
317.2046877,165857.5999
316.1285827,166010.9254
314.9608553,166160.8397
313.9226674,166314.1186
312.7321967,166465.6808
311.5429578,166612.1409
310.2093888,166767.8899
309.0859526,166931.231
307.1977948,167110.6215
305.3762183,167281.5203
303.2787126,167470.1519
196.2168053,170767.5658
177.7676961,171061.7356
